"contents href","_image_yazkc_11 src","whitespace-normal","font-medium 2","truncate","inline-block","truncate 2"
"https://shopee.co.id/Cincin-Dainty-Arsya-Kupu-Kupu-Emas-17K-Bunga-Tanjung-Gold-i.48895190.17405743613?extraParams=%7B%22display_model_id%22%3A345389974822%2C%22model_selection_logic%22%3A3%7D","https://down-id.img.susercontent.com/file/id-11134207-8224s-mkrutxmzaozn0c","Cincin Dainty Arsya Kupu Kupu - Emas 17K - Bunga Tanjung Gold","934.000","Pilih Lokal","4.9","582 terjual"
"https://shopee.co.id/CINCIN-GOLDEN-LOVE-SERIES-SDW-GOLD-EMAS-18K-BUNGA-TANJUNG-GOLD-i.48895190.15822038767?extraParams=%7B%22display_model_id%22%3A127861973466%2C%22model_selection_logic%22%3A3%7D","https://down-id.img.susercontent.com/file/id-11134207-8224y-mkrivnezf9c607","CINCIN GOLDEN LOVE SERIES - SDW GOLD - EMAS 18K - BUNGA TANJUNG GOLD","2.898.000","Pilih Lokal","4.9","1RB+ terjual"
"https://shopee.co.id/CINCIN-PAKU-EMAS-17K-BUNGA-TANJUNG-GOLD-i.48895190.22253373546?extraParams=%7B%22display_model_id%22%3A425915844879%2C%22model_selection_logic%22%3A3%7D","https://down-id.img.susercontent.com/file/id-11134207-822wr-mnxq8l2uygw673","CINCIN PAKU - EMAS 17K - BUNGA TANJUNG GOLD","1.638.000","Pilih Lokal","4.9","206 terjual"
"https://shopee.co.id/CINCIN-CANA-INFINITY-EMAS-17K-BUNGA-TANJUNG-GOLD-i.48895190.29580401629?extraParams=%7B%22display_model_id%22%3A315532292913%2C%22model_selection_logic%22%3A3%7D","https://down-id.img.susercontent.com/file/id-11134207-8224u-ml0dbqt3xzb6f8","CINCIN CANA INFINITY - EMAS 17K - BUNGA TANJUNG GOLD","1.260.000","Pilih Lokal","4.9","133 terjual"
"https://shopee.co.id/CINCIN-CARINA-EMAS-17K-BUNGA-TANJUNG-GOLD-i.48895190.17000568099?extraParams=%7B%22display_model_id%22%3A380888349772%2C%22model_selection_logic%22%3A3%7D","https://down-id.img.susercontent.com/file/id-11134207-822wg-mntnhvtyxi4k05","CINCIN CARINA - EMAS 17K - BUNGA TANJUNG GOLD","648.000","Pilih Lokal","4.9","125 terjual"
"https://shopee.co.id/CINCIN-CHARLOTTE-SUPER-RINGAN-EMAS-17K-BUNGA-TANJUNG-GOLD-i.48895190.11673671494?extraParams=%7B%22display_model_id%22%3A129493273718%2C%22model_selection_logic%22%3A3%7D","https://down-id.img.susercontent.com/file/id-11134207-822wl-mlpsuoaew0en04","CINCIN CHARLOTTE SUPER RINGAN - EMAS 17K - BUNGA TANJUNG GOLD","1.427.000","Pilih Lokal","5.0","468 terjual"
"https://shopee.co.id/Cincin-Dainty-Arsy-Love-Hayley-Emas-17K-Bunga-Tanjung-Gold-i.48895190.11533713857?extraParams=%7B%22display_model_id%22%3A187432040579%2C%22model_selection_logic%22%3A3%7D","https://down-id.img.susercontent.com/file/id-11134207-822wl-mm5gm07eo6bp47","Cincin Dainty Arsy Love Hayley - Emas 17K - Bunga Tanjung Gold","934.000","Pilih Lokal","4.9","749 terjual"
"https://shopee.co.id/CINCIN-CLOVER-SUPER-RINGAN-EMAS-17K-BUNGA-TANJUNG-GOLD-i.48895190.25375603040?extraParams=%7B%22display_model_id%22%3A168888316598%2C%22model_selection_logic%22%3A3%7D","https://down-id.img.susercontent.com/file/id-11134207-8224s-mksxtz8betjb2b","CINCIN CLOVER SUPER RINGAN - EMAS 17K - BUNGA TANJUNG GOLD","2.646.000","63 terjual","4.9",""
"https://shopee.co.id/CINCIN-CHARLOTTE-UNISEX-EMAS-17K-BUNGA-TANJUNG-GOLD-i.48895190.13436105027?extraParams=%7B%22display_model_id%22%3A262546096149%2C%22model_selection_logic%22%3A3%7D","https://down-id.img.susercontent.com/file/id-11134207-82252-mkrgz4emjxts84","CINCIN CHARLOTTE UNISEX - EMAS 17K - BUNGA TANJUNG GOLD","10.558.000","Pilih Lokal","5.0","536 terjual"
"https://shopee.co.id/CINCIN-RIBBON-BOBBA-PITA-EMAS-17K-BUNGA-TANJUNG-GOLD-i.48895190.22554634434?extraParams=%7B%22display_model_id%22%3A395313366395%2C%22model_selection_logic%22%3A3%7D","https://down-id.img.susercontent.com/file/id-11134207-8224z-mkt0sopeugaq7d","CINCIN RIBBON BOBBA PITA - EMAS 17K - BUNGA TANJUNG GOLD","1.816.000","Pilih Lokal","4.9","254 terjual"
"https://shopee.co.id/CINCIN-POLOS-WAVE-RINGAN-EMAS-17K-BUNGA-TANJUNG-GOLD-i.48895190.29041929683?extraParams=%7B%22display_model_id%22%3A267035625078%2C%22model_selection_logic%22%3A3%7D","https://down-id.img.susercontent.com/file/id-11134207-822wq-mladzlotslcfa7","CINCIN POLOS WAVE RINGAN - EMAS 17K - BUNGA TANJUNG GOLD","2.394.000","Pilih Lokal","5.0","31 terjual"
"https://shopee.co.id/CINCIN-BAGUETTE-RAINBOW-SDW-GOLD-EMAS-18K-BUNGA-TANJUNG-GOLD-i.48895190.20766843752?extraParams=%7B%22display_model_id%22%3A187785236286%2C%22model_selection_logic%22%3A3%7D","https://down-id.img.susercontent.com/file/id-11134207-82252-mkrutxmzj4ebd2","CINCIN BAGUETTE RAINBOW - SDW GOLD - EMAS 18K - BUNGA TANJUNG GOLD","4.410.000","Pilih Lokal","4.9","274 terjual"
"https://shopee.co.id/CINCIN-CHARLOTTE-SUPER-RINGAN-UNLIMITED-SHIMMER-EMAS-17K-BUNGA-TANJUNG-GOLD-i.48895190.27275931206?extraParams=%7B%22display_model_id%22%3A345819261436%2C%22model_selection_logic%22%3A3%7D","https://down-id.img.susercontent.com/file/id-11134207-8224r-mkt0gs2emqyr4a","CINCIN CHARLOTTE SUPER RINGAN UNLIMITED SHIMMER - EMAS 17K - BUNGA TANJUNG GOLD","3.780.000","Pilih Lokal","5.0","102 terjual"
"https://shopee.co.id/CINCIN-ARIEL-EMAS-17K-BUNGA-TANJUNG-GOLD-i.48895190.43080607459?extraParams=%7B%22display_model_id%22%3A335877996462%2C%22model_selection_logic%22%3A3%7D","https://down-id.img.susercontent.com/file/id-11134207-822wt-mnuxk7yvy41sff","CINCIN ARIEL - EMAS 17K - BUNGA TANJUNG GOLD","1.601.700","7 terjual","5.0",""
"https://shopee.co.id/CINCIN-WILLOW-LEAF-DAUN-B-EMAS-17K-BUNGA-TANJUNG-GOLD-i.48895190.44458258474?extraParams=%7B%22display_model_id%22%3A400904486824%2C%22model_selection_logic%22%3A3%7D","https://down-id.img.susercontent.com/file/id-11134207-8224p-ml00f6xpux3897","CINCIN WILLOW LEAF DAUN B - EMAS 17K - BUNGA TANJUNG GOLD","3.276.000","Pilih Lokal","4.9","231 terjual"
"https://shopee.co.id/CINCIN-ZOE-LINES-HEART-EMAS-17K-BUNGA-TANJUNG-GOLD-i.48895190.50504225875?extraParams=%7B%22display_model_id%22%3A345480521919%2C%22model_selection_logic%22%3A3%7D","https://down-id.img.susercontent.com/file/id-11134207-8224o-mkrsr7n4luyufd","CINCIN ZOE LINES HEART - EMAS 17K - BUNGA TANJUNG GOLD","1.467.000","Pilih Lokal","4.9","304 terjual"
"https://shopee.co.id/CINCIN-KIRANA-RIBBON-PITA-EMAS-17K-BUNGA-TANJUNG-GOLD-i.48895190.16784990599?extraParams=%7B%22display_model_id%22%3A139392195954%2C%22model_selection_logic%22%3A3%7D","https://down-id.img.susercontent.com/file/id-11134207-822wo-mn3ph8hnz0g30d","CINCIN KIRANA RIBBON PITA - EMAS 17K - BUNGA TANJUNG GOLD","2.727.000","Pilih Lokal","5.0","54 terjual"
"https://shopee.co.id/Cincin-Dainty-Arsyila-Flower-Emas-17K-Bunga-Tanjung-Gold-i.48895190.14842859332?extraParams=%7B%22display_model_id%22%3A282227057472%2C%22model_selection_logic%22%3A3%7D","https://down-id.img.susercontent.com/file/id-11134207-82251-mksx91l75fd2e1","Cincin Dainty Arsyila Flower - Emas 17K - Bunga Tanjung Gold","934.000","Pilih Lokal","4.9","543 terjual"
"https://shopee.co.id/CINCIN-SPIRAL-WAVE-EMAS-17K-BUNGA-TANJUNG-GOLD-i.48895190.46358209838?extraParams=%7B%22display_model_id%22%3A365937140179%2C%22model_selection_logic%22%3A3%7D","https://down-id.img.susercontent.com/file/id-11134207-822wh-mmlwewhrrm6911","CINCIN SPIRAL WAVE - EMAS 17K - BUNGA TANJUNG GOLD","3.223.000","Pilih Lokal","5.0","8 terjual"
"https://shopee.co.id/CINCIN-FLOREA-BLINK-EMAS-17K-BUNGA-TANJUNG-GOLD-i.48895190.51108566013?extraParams=%7B%22display_model_id%22%3A375759047260%2C%22model_selection_logic%22%3A3%7D","https://down-id.img.susercontent.com/file/id-11134207-822wj-mmvo1f8xtekh1e","CINCIN FLOREA BLINK - EMAS 17K - BUNGA TANJUNG GOLD","2.772.000","Pilih Lokal","5.0","2 terjual"
"https://shopee.co.id/CINCIN-FASHION-KUNCI-VARIASI-A-EMAS-17K-BUNGA-TANJUNG-GOLD-i.48895190.28337762075?extraParams=%7B%22display_model_id%22%3A237886413936%2C%22model_selection_logic%22%3A3%7D","https://down-id.img.susercontent.com/file/id-11134207-82252-mkxbu70c95hfdf","CINCIN FASHION KUNCI VARIASI A - EMAS 17K - BUNGA TANJUNG GOLD","3.906.000","Pilih Lokal","4.9 Penilaian Toko",""
"https://shopee.co.id/CINCIN-VERA-BLINK-SUPER-RINGAN-EMAS-17K-BUNGA-TANJUNG-GOLD-i.48895190.11379497898?extraParams=%7B%22display_model_id%22%3A227713965773%2C%22model_selection_logic%22%3A3%7D","https://down-id.img.susercontent.com/file/id-11134207-822wj-mlimewq4sjy84b","CINCIN VERA BLINK SUPER RINGAN - EMAS 17K - BUNGA TANJUNG GOLD","1.167.000","Pilih Lokal","4.9","317 terjual"
"https://shopee.co.id/CINCIN-TUNANGAN-SOLITAIRE-NAGITA-EMAS-17K-BUNGA-TANJUNG-GOLD-i.48895190.14524381085?extraParams=%7B%22display_model_id%22%3A370833425841%2C%22model_selection_logic%22%3A3%7D","https://down-id.img.susercontent.com/file/id-11134207-822wp-mlym80uayg3n68","CINCIN TUNANGAN SOLITAIRE NAGITA - EMAS 17K - BUNGA TANJUNG GOLD","1.921.000","Pilih Lokal","4.9","239 terjual"
"https://shopee.co.id/CINCIN-TUNANGAN-SOLITAIRE-SELLA-TWIN-TETES-EMAS-17K-BUNGA-TANJUNG-GOLD-i.48895190.52659983452?extraParams=%7B%22display_model_id%22%3A420881829634%2C%22model_selection_logic%22%3A3%7D","https://down-id.img.susercontent.com/file/id-11134207-822wm-mnwf0hbhfqbp99","CINCIN TUNANGAN SOLITAIRE SELLA TWIN TETES - EMAS 17K - BUNGA TANJUNG GOLD","5.198.000","4 terjual","3.0",""
"https://shopee.co.id/CINCIN-NIKAH-QEELA-WEDDING-RING-EMAS-17K-BUNGA-TANJUNG-GOLD-i.48895190.54309979785?extraParams=%7B%22display_model_id%22%3A405881936202%2C%22model_selection_logic%22%3A3%7D","https://down-id.img.susercontent.com/file/id-11134207-822wq-mnxsek1fbj0kcb","CINCIN NIKAH QEELA WEDDING RING - EMAS 17K - BUNGA TANJUNG GOLD","2.727.000","4 terjual","5.0",""
"https://shopee.co.id/CINCIN-KINA-LOVE-EMAS-17K-BUNGA-TANJUNG-GOLD-i.48895190.29494572840?extraParams=%7B%22display_model_id%22%3A425768137872%2C%22model_selection_logic%22%3A3%7D","https://down-id.img.susercontent.com/file/id-11134207-822wl-mmy33v3bdb0j3b","CINCIN KINA LOVE - EMAS 17K - BUNGA TANJUNG GOLD","2.520.000","Pilih Lokal","4.9 Penilaian Toko",""
"https://shopee.co.id/CINCIN-ULAR-TINJU-BLINK-B-EMAS-17K-BUNGA-TANJUNG-GOLD-i.48895190.46408629891?extraParams=%7B%22display_model_id%22%3A345764138601%2C%22model_selection_logic%22%3A3%7D","https://down-id.img.susercontent.com/file/id-11134207-822wl-mmwu6qb05f6073","CINCIN ULAR TINJU BLINK B - EMAS 17K - BUNGA TANJUNG GOLD","4.032.000","Pilih Lokal","5.0","6 terjual"
"https://shopee.co.id/CINCIN-NIKAH-DAPHNE-WEDDING-RING-EMAS-17K-BUNGA-TANJUNG-GOLD-i.48895190.20182095735?extraParams=%7B%22display_model_id%22%3A242899952118%2C%22model_selection_logic%22%3A3%7D","https://down-id.img.susercontent.com/file/id-11134207-822wh-mo3fyonct5a8de","CINCIN NIKAH DAPHNE WEDDING RING - EMAS 17K - BUNGA TANJUNG GOLD","12.095.000","Pilih Lokal","5.0","64 terjual"
"https://shopee.co.id/CINCIN-UNTIR-PITA-BLINK-EMAS-17K-BUNGA-TANJUNG-GOLD-i.48895190.56958613688?extraParams=%7B%22display_model_id%22%3A355764574047%2C%22model_selection_logic%22%3A3%7D","https://down-id.img.susercontent.com/file/id-11134207-822wo-mmwyzpficcg160","CINCIN UNTIR PITA BLINK - EMAS 17K - BUNGA TANJUNG GOLD","1.890.000","Pilih Lokal","5.0","3 terjual"
"https://shopee.co.id/GELANG-BANGLE-PERONA-FLOWER-A-EMAS-17K-BUNGA-TANJUNG-GOLD-i.48895190.46659803264?extraParams=%7B%22display_model_id%22%3A375864277428%2C%22model_selection_logic%22%3A3%7D","https://down-id.img.susercontent.com/file/id-11134207-822wq-mnp7iteyiryge3","GELANG BANGLE PERONA FLOWER A - EMAS 17K - BUNGA TANJUNG GOLD","12.222.000","Pilih Lokal","4.9 Penilaian Toko",""
"https://shopee.co.id/CINCIN-ELARA-GRACE-EMAS-17K-BUNGA-TANJUNG-GOLD-i.48895190.48008646196?extraParams=%7B%22display_model_id%22%3A400764286913%2C%22model_selection_logic%22%3A3%7D","https://down-id.img.susercontent.com/file/id-11134207-822wt-mmwwdq2s0dfpbd","CINCIN ELARA GRACE - EMAS 17K - BUNGA TANJUNG GOLD","2.520.000","Pilih Lokal","5.0","1 terjual"
"https://shopee.co.id/GELANG-SERUT-PERONA-FLOWER-C-EMAS-17K-BUNGA-TANJUNG-GOLD-i.48895190.51759774118?extraParams=%7B%22display_model_id%22%3A435864214042%2C%22model_selection_logic%22%3A3%7D","https://down-id.img.susercontent.com/file/id-11134207-822wj-mnp7it3s4h6pbb","GELANG SERUT PERONA FLOWER C - EMAS 17K - BUNGA TANJUNG GOLD","4.032.000","Pilih Lokal","4.0","1 terjual"
"https://shopee.co.id/CINCIN-NIKAH-MARETTA-WEDDING-RING-EMAS-17K-BUNGA-TANJUNG-GOLD-i.48895190.28676038237?extraParams=%7B%22display_model_id%22%3A257629831962%2C%22model_selection_logic%22%3A3%7D","https://down-id.img.susercontent.com/file/id-11134207-822wm-mo3fyoncnj0g40","CINCIN NIKAH MARETTA WEDDING RING - EMAS 17K - BUNGA TANJUNG GOLD","4.690.000","Pilih Lokal","4.8","25 terjual"
"https://shopee.co.id/CINCIN-PAMELA-LOVE-EMAS-17K-BUNGA-TANJUNG-GOLD-i.48895190.23364466181?extraParams=%7B%22display_model_id%22%3A405199808102%2C%22model_selection_logic%22%3A3%7D","https://down-id.img.susercontent.com/file/id-11134207-8224o-mkt2vnngpcldf6","CINCIN PAMELA LOVE - EMAS 17K - BUNGA TANJUNG GOLD","2.142.000","Pilih Lokal","4.9","43 terjual"
"https://shopee.co.id/CINCIN-NIKAH-FALYN-WEDDING-RING-EMAS-17K-BUNGA-TANJUNG-GOLD-i.48895190.16895554931?extraParams=%7B%22display_model_id%22%3A228277201799%2C%22model_selection_logic%22%3A3%7D","https://down-id.img.susercontent.com/file/id-11134207-822wl-mnfnn7usgvls2b","CINCIN NIKAH FALYN WEDDING RING - EMAS 17K - BUNGA TANJUNG GOLD","10.393.000","13 terjual","5.0",""
"https://shopee.co.id/CINCIN-CHARLOTTE-RINGAN-UNISEX-EMAS-17K-BUNGA-TANJUNG-GOLD-i.48895190.29275935421?extraParams=%7B%22display_model_id%22%3A335843065317%2C%22model_selection_logic%22%3A3%7D","https://down-id.img.susercontent.com/file/id-11134207-82250-mks116ntwwzqe8","CINCIN CHARLOTTE RINGAN UNISEX - EMAS 17K - BUNGA TANJUNG GOLD","7.198.000","Pilih Lokal","4.9","116 terjual"
"https://shopee.co.id/CINCIN-KIARA-BLINK-EMAS-17K-BUNGA-TANJUNG-GOLD-i.48895190.50858662586?extraParams=%7B%22display_model_id%22%3A405768228880%2C%22model_selection_logic%22%3A3%7D","https://down-id.img.susercontent.com/file/id-11134207-822wm-mmy3zzhxd9u022","CINCIN KIARA BLINK - EMAS 17K - BUNGA TANJUNG GOLD","4.410.000","Pilih Lokal","4.9 Penilaian Toko",""
"https://shopee.co.id/CINCIN-TUNANGAN-DJUJU-BLUE-SAPPHIRE-SOLITAIRE-EMAS-17K-BUNGA-TANJUNG-GOLD-i.48895190.18170194553?extraParams=%7B%22display_model_id%22%3A335938732630%2C%22model_selection_logic%22%3A3%7D","https://down-id.img.susercontent.com/file/id-11134207-82252-mkt0gs2l2io131","CINCIN TUNANGAN DJUJU BLUE SAPPHIRE SOLITAIRE - EMAS 17K - BUNGA TANJUNG GOLD","3.164.000","Pilih Lokal","5.0","82 terjual"
"https://shopee.co.id/CINCIN-GOLDEN-LOVE-MINI-EMAS-18K-BUNGA-TANJUNG-GOLD-i.48895190.13651558655?extraParams=%7B%22display_model_id%22%3A109544115652%2C%22model_selection_logic%22%3A3%7D","https://down-id.img.susercontent.com/file/id-11134207-8224x-mksxdt08jj7p2a","CINCIN GOLDEN LOVE MINI - EMAS 18K - BUNGA TANJUNG GOLD","4.032.000","Pilih Lokal","4.9","124 terjual"
"https://shopee.co.id/CINCIN-NIKAH-STEFA-WEDDING-RING-EMAS-17K-BUNGA-TANJUNG-GOLD-i.48895190.24689207363?extraParams=%7B%22display_model_id%22%3A233559131157%2C%22model_selection_logic%22%3A3%7D","https://down-id.img.susercontent.com/file/id-11134207-822wr-mo3fyoncqc5cbc","CINCIN NIKAH STEFA WEDDING RING - EMAS 17K - BUNGA TANJUNG GOLD","6.337.000","Pilih Lokal","5.0","21 terjual"
"https://shopee.co.id/CINCIN-FALISHA-ROSE-GOLD-EMAS-17K-BUNGA-TANJUNG-GOLD-i.48895190.14445667899?extraParams=%7B%22display_model_id%22%3A271786402169%2C%22model_selection_logic%22%3A3%7D","https://down-id.img.susercontent.com/file/id-11134207-8224t-mkrzyneothxi78","CINCIN FALISHA ROSE GOLD - EMAS 17K - BUNGA TANJUNG GOLD","2.142.000","Pilih Lokal","5.0","293 terjual"
"https://shopee.co.id/CINCIN-BRISIA-ROSE-GOLD-EMAS-17K-BUNGA-TANJUNG-GOLD-i.48895190.11784067219?extraParams=%7B%22display_model_id%22%3A295346156969%2C%22model_selection_logic%22%3A3%7D","https://down-id.img.susercontent.com/file/id-11134207-8224z-mkrzyneuplon0c","CINCIN BRISIA ROSE GOLD - EMAS 17K - BUNGA TANJUNG GOLD","1.890.000","Pilih Lokal","4.9","316 terjual"
"https://shopee.co.id/CINCIN-SOLENE-DJUJU-FLOWER-SYIFA-HADJU-EMAS-17K-BUNGA-TANJUNG-GOLD-i.48895190.47659629225?extraParams=%7B%22display_model_id%22%3A370849832859%2C%22model_selection_logic%22%3A3%7D","https://down-id.img.susercontent.com/file/id-11134207-822ws-mnl5hot8q878df","CINCIN SOLENE DJUJU FLOWER - SYIFA HADJU - EMAS 17K - BUNGA TANJUNG GOLD","6.426.000","Pilih Lokal","4.9 Penilaian Toko",""
"https://shopee.co.id/CINCIN-CHAIN-INFINITY-EMAS-17K-BUNGA-TANJUNG-GOLD-i.48895190.9973116405?extraParams=%7B%22display_model_id%22%3A350548600266%2C%22model_selection_logic%22%3A3%7D","https://down-id.img.susercontent.com/file/id-11134207-8224u-mks116nu5ce880","CINCIN CHAIN INFINITY - EMAS 17K - BUNGA TANJUNG GOLD","3.355.000","Pilih Lokal","4.9","132 terjual"
"https://shopee.co.id/CINCIN-CHARLOTTE-UNLIMITED-SHIMMER-EMAS-17K-BUNGA-TANJUNG-GOLD-i.48895190.44650993021?extraParams=%7B%22display_model_id%22%3A355406647355%2C%22model_selection_logic%22%3A3%7D","https://down-id.img.susercontent.com/file/id-11134207-8224y-mkt37gk4uu4jad","CINCIN CHARLOTTE  UNLIMITED SHIMMER - EMAS 17K - BUNGA TANJUNG GOLD","7.560.000","Pilih Lokal","5.0","69 terjual"
"https://shopee.co.id/CINCIN-NIKAH-LIANA-WEDDING-RING-EMAS-17K-BUNGA-TANJUNG-GOLD-i.48895190.22746439452?extraParams=%7B%22display_model_id%22%3A340252388249%2C%22model_selection_logic%22%3A3%7D","https://down-id.img.susercontent.com/file/id-11134207-822wp-mnz6j4oqa7t4cf","CINCIN NIKAH LIANA WEDDING RING - EMAS 17K - BUNGA TANJUNG GOLD","11.154.000","Pilih Lokal","4.7","101 terjual"
"https://shopee.co.id/CINCIN-TUNANGAN-SOLITAIRE-ARIEL-EMAS-17K-BUNGA-TANJUNG-GOLD-i.48895190.13699132682?extraParams=%7B%22display_model_id%22%3A129433430552%2C%22model_selection_logic%22%3A3%7D","https://down-id.img.susercontent.com/file/id-11134207-822wh-mlvlyddb20w044","CINCIN TUNANGAN SOLITAIRE ARIEL - EMAS 17K - BUNGA TANJUNG GOLD","2.712.000","Pilih Lokal","4.9","60 terjual"
"https://shopee.co.id/CINCIN-ULAR-POLOS-BOLD-EMAS-18K-BUNGA-TANJUNG-GOLD-i.48895190.45909152896?extraParams=%7B%22display_model_id%22%3A330809604940%2C%22model_selection_logic%22%3A3%7D","https://down-id.img.susercontent.com/file/id-11134207-822wn-mn9jvk930j5u42","CINCIN ULAR POLOS BOLD - EMAS 18K - BUNGA TANJUNG GOLD","7.560.000","Pilih Lokal","4.9 Penilaian Toko",""
"https://shopee.co.id/CINCIN-CLOVER-WARNA-HITAM-EMAS-17K-BUNGA-TANJUNG-GOLD-i.48895190.22089625815?extraParams=%7B%22display_model_id%22%3A236139275887%2C%22model_selection_logic%22%3A3%7D","https://down-id.img.susercontent.com/file/id-11134207-7r98s-lt0k8ytk6muf1f","CINCIN CLOVER WARNA HITAM - EMAS 17K - BUNGA TANJUNG GOLD","4.284.000","8 terjual","5.0",""
"https://shopee.co.id/CINCIN-AMITY-WAVE-EMAS-17K-BUNGA-TANJUNG-GOLD-i.48895190.11396316488?extraParams=%7B%22display_model_id%22%3A445750586944%2C%22model_selection_logic%22%3A3%7D","https://down-id.img.susercontent.com/file/id-11134207-8224p-mkt01qigzv2ece","CINCIN AMITY WAVE - EMAS 17K - BUNGA TANJUNG GOLD","2.772.000","Pilih Lokal","4.9","66 terjual"
"https://shopee.co.id/CINCIN-ELVINA-LAYER-KUPU-KUPU-EMAS-17K-BUNGA-TANJUNG-GOLD-i.48895190.11753248476?extraParams=%7B%22display_model_id%22%3A226048729912%2C%22model_selection_logic%22%3A3%7D","https://down-id.img.susercontent.com/file/id-11134207-82252-mk591be02xvq85","CINCIN ELVINA LAYER KUPU KUPU - EMAS 17K - BUNGA TANJUNG GOLD","4.032.000","Pilih Lokal","4.8","55 terjual"
"https://shopee.co.id/CINCIN-CAROLINE-FLOWER-BLINK-EMAS-17K-BUNGA-TANJUNG-GOLD-i.48895190.18929409841?extraParams=%7B%22display_model_id%22%3A405769335470%2C%22model_selection_logic%22%3A3%7D","https://down-id.img.susercontent.com/file/id-11134207-8224q-mksxtz8bludj84","CINCIN CAROLINE FLOWER BLINK - EMAS 17K - BUNGA TANJUNG GOLD","1.890.000","Pilih Lokal","4.9","54 terjual"
"https://shopee.co.id/CINCIN-SHOPIA-WAVE-POLOS-EMAS-17K-BUNGA-TANJUNG-GOLD-i.48895190.24146211291?extraParams=%7B%22display_model_id%22%3A227978348743%2C%22model_selection_logic%22%3A3%7D","https://down-id.img.susercontent.com/file/id-11134207-822wr-mn1160qsh8917d","CINCIN SHOPIA WAVE POLOS - EMAS 17K - BUNGA TANJUNG GOLD","5.292.000","Pilih Lokal","4.6","18 terjual"
"https://shopee.co.id/CINCIN-NIKAH-ROSALIA-WEDDING-RING-EMAS-17K-BUNGA-TANJUNG-GOLD-i.48895190.23174418446?extraParams=%7B%22display_model_id%22%3A235554587865%2C%22model_selection_logic%22%3A3%7D","https://down-id.img.susercontent.com/file/id-11134207-822wu-mo29u1hwlnuwa7","CINCIN NIKAH ROSALIA WEDDING RING - EMAS 17K - BUNGA TANJUNG GOLD","11.745.000","Pilih Lokal","5.0","42 terjual"
"https://shopee.co.id/CINCIN-NIKAH-CHLOE-WEDDING-RING-EMAS-17K-BUNGA-TANJUNG-GOLD-i.48895190.16792327862?extraParams=%7B%22display_model_id%22%3A395833241598%2C%22model_selection_logic%22%3A3%7D","https://down-id.img.susercontent.com/file/id-11134207-822wh-mnz6j4oqd0y08a","CINCIN NIKAH CHLOE WEDDING RING - EMAS 17K - BUNGA TANJUNG GOLD","8.238.000","Pilih Lokal","4.8","74 terjual"
"https://shopee.co.id/CINCIN-AURA-WAVE-EMAS-17K-BUNGA-TANJUNG-GOLD-i.48895190.54456481415?extraParams=%7B%22display_model_id%22%3A272455189820%2C%22model_selection_logic%22%3A3%7D","https://down-id.img.susercontent.com/file/id-11134207-822wi-mm5gm07ejymd09","CINCIN AURA WAVE - EMAS 17K - BUNGA TANJUNG GOLD","1.890.000","Pilih Lokal","5.0","852 terjual"
"https://shopee.co.id/CINCIN-KIARA-TWIN-BLINK-EMAS-17K-BUNGA-TANJUNG-GOLD-i.48895190.45958687131?extraParams=%7B%22display_model_id%22%3A167393167845%2C%22model_selection_logic%22%3A3%7D","https://down-id.img.susercontent.com/file/id-11134207-822wl-mmy3zzhxn3t4ed","CINCIN KIARA TWIN BLINK - EMAS 17K - BUNGA TANJUNG GOLD","2.268.000","","4.9 Penilaian Toko",""
"https://shopee.co.id/CINCIN-LUNA-TWIST-BOLD-EMAS-18K-BUNGA-TANJUNG-GOLD-i.48895190.57859130354?extraParams=%7B%22display_model_id%22%3A390808778845%2C%22model_selection_logic%22%3A3%7D","https://down-id.img.susercontent.com/file/id-11134207-822wl-mn9dvekzhmo1d5","CINCIN LUNA TWIST BOLD - EMAS 18K - BUNGA TANJUNG GOLD","7.434.000","Pilih Lokal","4.9 Penilaian Toko",""
"https://shopee.co.id/CINCIN-WAVE-PITA-BLINK-EMAS-17K-BUNGA-TANJUNG-GOLD-i.48895190.54008565958?extraParams=%7B%22display_model_id%22%3A272523198772%2C%22model_selection_logic%22%3A3%7D","https://down-id.img.susercontent.com/file/id-11134207-822wt-mmvo1f9sohs5b1","CINCIN WAVE PITA BLINK - EMAS 17K - BUNGA TANJUNG GOLD","2.268.000","Pilih Lokal","5.0","2 terjual"
"https://shopee.co.id/CINCIN-SOLENE-DJUJU-SNOW-SYIFA-HADJU-EMAS-17K-BUNGA-TANJUNG-GOLD-i.48895190.52109611259?extraParams=%7B%22display_model_id%22%3A400849874499%2C%22model_selection_logic%22%3A3%7D","https://down-id.img.susercontent.com/file/id-11134207-822wt-mnl5pso4bfns8e","CINCIN SOLENE DJUJU SNOW - SYIFA HADJU - EMAS 17K - BUNGA TANJUNG GOLD","7.560.000","Pilih Lokal","5.0","1 terjual"
"https://shopee.co.id/CINCIN-FLOREA-EMAS-17K-BUNGA-TANJUNG-GOLD-i.48895190.52458561595?extraParams=%7B%22display_model_id%22%3A277525584872%2C%22model_selection_logic%22%3A3%7D","https://down-id.img.susercontent.com/file/id-11134207-822wr-mn2eyfy2svet91","CINCIN FLOREA - EMAS 17K - BUNGA TANJUNG GOLD","2.898.000","Pilih Lokal","5.0","1 terjual"
"https://shopee.co.id/CINCIN-FASHION-POLOS-EMAS-17K-BUNGA-TANJUNG-GOLD-i.48895190.25126228039?extraParams=%7B%22display_model_id%22%3A98910361685%2C%22model_selection_logic%22%3A3%7D","https://down-id.img.susercontent.com/file/id-11134207-8224s-mktaj7ylxgqqfd","CINCIN FASHION POLOS - EMAS 17K - BUNGA TANJUNG GOLD","12.348.000","Pilih Lokal","4.7","14 terjual"
"https://shopee.co.id/CINCIN-TWIN-PLAT-SUPER-RINGAN-EMAS-17K-BUNGA-TANJUNG-GOLD-i.48895190.57402499083?extraParams=%7B%22display_model_id%22%3A330242098643%2C%22model_selection_logic%22%3A3%7D","https://down-id.img.susercontent.com/file/id-11134207-8224r-mktgd3khjshv6d","CINCIN TWIN PLAT SUPER RINGAN - EMAS 17K - BUNGA TANJUNG GOLD","2.016.000","Pilih Lokal","4.8","34 terjual"
"https://shopee.co.id/CINCIN-NIKAH-KEYNA-WEDDING-RING-EMAS-17K-BUNGA-TANJUNG-GOLD-i.48895190.22852625776?extraParams=%7B%22display_model_id%22%3A425832036985%2C%22model_selection_logic%22%3A3%7D","https://down-id.img.susercontent.com/file/id-11134207-822wm-mo3f5urjylfs35","CINCIN NIKAH KEYNA WEDDING RING - EMAS 17K - BUNGA TANJUNG GOLD","10.140.000","Pilih Lokal","4.8","23 terjual"
"https://shopee.co.id/CINCIN-TWIN-ROPE-WAVE-EMAS-17K-BUNGA-TANJUNG-GOLD-i.48895190.15013104820?extraParams=%7B%22display_model_id%22%3A195029465356%2C%22model_selection_logic%22%3A3%7D","https://down-id.img.susercontent.com/file/id-11134207-8224z-mkt01qigx1xi4c","CINCIN TWIN ROPE WAVE - EMAS 17K - BUNGA TANJUNG GOLD","2.268.000","Pilih Lokal","5.0","81 terjual"
"https://shopee.co.id/CINCIN-CRYSTAL-LOOP-EMAS-17K-BUNGA-TANJUNG-GOLD-i.48895190.57258622321?extraParams=%7B%22display_model_id%22%3A302526232802%2C%22model_selection_logic%22%3A3%7D","https://down-id.img.susercontent.com/file/id-11134207-822wj-mmwy20sqzev89a","CINCIN CRYSTAL LOOP - EMAS 17K - BUNGA TANJUNG GOLD","13.104.000","Pilih Lokal","4.9 Penilaian Toko",""
"https://shopee.co.id/GELANG-SERUT-PERONA-FLOWER-B-EMAS-17K-BUNGA-TANJUNG-GOLD-i.48895190.50459782830?extraParams=%7B%22display_model_id%22%3A340864159678%2C%22model_selection_logic%22%3A3%7D","https://down-id.img.susercontent.com/file/id-11134207-822wo-mnp5lxco5hj56c","GELANG SERUT PERONA FLOWER B - EMAS 17K - BUNGA TANJUNG GOLD","4.032.000","Pilih Lokal","4.9 Penilaian Toko",""
"https://shopee.co.id/CINCIN-NIKAH-FARRA-WEDDING-RING-EMAS-17K-BUNGA-TANJUNG-GOLD-i.48895190.24126805720?extraParams=%7B%22display_model_id%22%3A98912100751%2C%22model_selection_logic%22%3A3%7D","https://down-id.img.susercontent.com/file/id-11134207-822wi-mo29u1hwpvk8ac","CINCIN NIKAH FARRA WEDDING RING - EMAS 17K - BUNGA TANJUNG GOLD","10.746.000","Pilih Lokal","5.0","14 terjual"
"https://shopee.co.id/CINCIN-NIKAH-LIONA-WEDDING-RING-EMAS-17K-BUNGA-TANJUNG-GOLD-i.48895190.23120422316?extraParams=%7B%22display_model_id%22%3A365836173221%2C%22model_selection_logic%22%3A3%7D","https://down-id.img.susercontent.com/file/id-11134207-822wm-mo29u1hwogzs12","CINCIN NIKAH LIONA WEDDING RING - EMAS 17K - BUNGA TANJUNG GOLD","8.619.000","Pilih Lokal","5.0","10 terjual"
"https://shopee.co.id/CINCIN-TANIA-BLINK-EMAS-17K-BUNGA-TANJUNG-GOLD-i.48895190.25798150068?extraParams=%7B%22display_model_id%22%3A395886441440%2C%22model_selection_logic%22%3A3%7D","https://down-id.img.susercontent.com/file/id-11134207-822wm-mnxo1ytpabyc1a","CINCIN TANIA BLINK - EMAS 17K - BUNGA TANJUNG GOLD","6.930.000","1 terjual","5.0",""
"https://shopee.co.id/CINCIN-FASHION-WHITE-EMAS-17K-BUNGA-TANJUNG-GOLD-i.48895190.22359510642?extraParams=%7B%22display_model_id%22%3A232201818786%2C%22model_selection_logic%22%3A3%7D","https://down-id.img.susercontent.com/file/id-11134207-8224y-mkt2vnnesirme5","CINCIN FASHION WHITE - EMAS 17K - BUNGA TANJUNG GOLD","10.584.000","Pilih Lokal","4.8","39 terjual"
"https://shopee.co.id/CINCIN-TUNANGAN-SOLITAIRE-HERME-EMAS-17K-BUNGA-TANJUNG-GOLD-i.48895190.26380994521?extraParams=%7B%22display_model_id%22%3A234649826337%2C%22model_selection_logic%22%3A3%7D","https://down-id.img.susercontent.com/file/id-11134207-7rbk3-ma8h58egwo1w86","CINCIN TUNANGAN SOLITAIRE HERME - EMAS 17K - BUNGA TANJUNG GOLD","6.205.000","Pilih Lokal","5.0","7 terjual"
"https://shopee.co.id/CINCIN-MOLTEN-GLOW-EMAS-17K-BUNGA-TANJUNG-GOLD-i.48895190.41680137639?extraParams=%7B%22display_model_id%22%3A400797519885%2C%22model_selection_logic%22%3A3%7D","https://down-id.img.susercontent.com/file/id-11134207-822wg-mn5h2vclro5c5c","CINCIN MOLTEN GLOW - EMAS 17K - BUNGA TANJUNG GOLD","7.560.000","Pilih Lokal","4.9 Penilaian Toko",""
"https://shopee.co.id/CINCIN-ALYSA-EMAS-17K-BUNGA-TANJUNG-GOLD-i.48895190.53559951479?extraParams=%7B%22display_model_id%22%3A350878014926%2C%22model_selection_logic%22%3A3%7D","https://down-id.img.susercontent.com/file/id-11134207-822wh-mnuyoiucl9mpc1","CINCIN ALYSA - EMAS 17K - BUNGA TANJUNG GOLD","3.024.000","3 terjual","5.0",""
"https://shopee.co.id/CINCIN-WILLOW-LEAF-DAUN-SUPER-RINGAN-EMAS-17K-BUNGA-TANJUNG-GOLD-i.48895190.11060618349?extraParams=%7B%22display_model_id%22%3A320599635477%2C%22model_selection_logic%22%3A3%7D","https://down-id.img.susercontent.com/file/id-11134207-8224u-mkrgz4emmqyobc","CINCIN WILLOW LEAF DAUN SUPER RINGAN - EMAS 17K - BUNGA TANJUNG GOLD","3.562.000","Pilih Lokal","4.9","633 terjual"
"https://shopee.co.id/CINCIN-SOLENE-DJUJU-WAVE-SYIFA-HADJU-EMAS-17K-BUNGA-TANJUNG-GOLD-i.48895190.56309608972?extraParams=%7B%22display_model_id%22%3A287575816987%2C%22model_selection_logic%22%3A3%7D","https://down-id.img.susercontent.com/file/id-11134207-822wk-mnl4kd6hq77mce","CINCIN SOLENE DJUJU WAVE - SYIFA HADJU - EMAS 17K - BUNGA TANJUNG GOLD","3.024.000","Pilih Lokal","4.9 Penilaian Toko",""
"https://shopee.co.id/CINCIN-TIARA-BLINK-EMAS-17K-BUNGA-TANJUNG-GOLD-i.48895190.46608634142?extraParams=%7B%22display_model_id%22%3A410764730448%2C%22model_selection_logic%22%3A3%7D","https://down-id.img.susercontent.com/file/id-11134207-822wp-mmwzvixxd0cgd2","CINCIN TIARA BLINK - EMAS 17K - BUNGA TANJUNG GOLD","2.268.000","Pilih Lokal","4.9 Penilaian Toko",""
"https://shopee.co.id/CINCIN-LUXURY-EMAS-17K-BUNGA-TANJUNG-GOLD-i.48895190.29400913383?extraParams=%7B%22display_model_id%22%3A282565978440%2C%22model_selection_logic%22%3A3%7D","https://down-id.img.susercontent.com/file/id-11134207-8224r-ml00f6xpwbnoe4","CINCIN LUXURY - EMAS 17K - BUNGA TANJUNG GOLD","4.662.000","Pilih Lokal","5.0","133 terjual"
"https://shopee.co.id/CINCIN-KUPU-KUPU-BOLA-EMAS-17K-BUNGA-TANJUNG-GOLD-i.48895190.46458634069?extraParams=%7B%22display_model_id%22%3A365768266069%2C%22model_selection_logic%22%3A3%7D","https://down-id.img.susercontent.com/file/id-11134207-822wo-mmwzvixx8sn41b","CINCIN KUPU KUPU BOLA - EMAS 17K - BUNGA TANJUNG GOLD","2.142.000","Pilih Lokal","4.9 Penilaian Toko",""
"https://shopee.co.id/CINCIN-TUNANGAN-SOLITAIRE-WAVE-F-EMAS-17K-BUNGA-TANJUNG-GOLD-i.48895190.11491565779?extraParams=%7B%22display_model_id%22%3A266378824694%2C%22model_selection_logic%22%3A3%7D","https://down-id.img.susercontent.com/file/id-11134207-822ws-mm7aouch3uvj74","CINCIN TUNANGAN SOLITAIRE WAVE F - EMAS 17K - BUNGA TANJUNG GOLD","5.745.000","Pilih Lokal","5.0","27 terjual"
"https://shopee.co.id/CINCIN-EIRA-SNOW-EMAS-17K-BUNGA-TANJUNG-GOLD-i.48895190.57804416933?extraParams=%7B%22display_model_id%22%3A228249318554%2C%22model_selection_logic%22%3A3%7D","https://down-id.img.susercontent.com/file/id-11134207-8224r-mkyym98fogeda2","CINCIN EIRA SNOW - EMAS 17K - BUNGA TANJUNG GOLD","1.890.000","Pilih Lokal","4.6","131 terjual"
"https://shopee.co.id/CINCIN-ELYSIAN-LOOP-EMAS-17K-BUNGA-TANJUNG-GOLD-i.48895190.53058616432?extraParams=%7B%22display_model_id%22%3A395764056898%2C%22model_selection_logic%22%3A3%7D","https://down-id.img.susercontent.com/file/id-11134207-822wr-mmwu6qazpyx12b","CINCIN ELYSIAN LOOP - EMAS 17K - BUNGA TANJUNG GOLD","4.158.000","Pilih Lokal","5.0","2 terjual"
"https://shopee.co.id/CINCIN-MEIDA-EMAS-17K-BUNGA-TANJUNG-GOLD-i.48895190.27544733845?extraParams=%7B%22display_model_id%22%3A325877682924%2C%22model_selection_logic%22%3A3%7D","https://down-id.img.susercontent.com/file/id-11134207-822wo-mnuve2n8djib3b","CINCIN MEIDA - EMAS 17K - BUNGA TANJUNG GOLD","6.174.000","1 terjual","5.0",""
"https://shopee.co.id/CINCIN-CAITLIN-POLOS-SUPER-RINGAN-EMAS-17K-BUNGA-TANJUNG-GOLD-i.48895190.10668815296?extraParams=%7B%22display_model_id%22%3A99909017416%2C%22model_selection_logic%22%3A3%7D","https://down-id.img.susercontent.com/file/id-11134207-8224o-mkt0sopevuv68f","CINCIN CAITLIN POLOS SUPER RINGAN - EMAS 17K - BUNGA TANJUNG GOLD","1.427.000","Pilih Lokal","4.9","208 terjual"
"https://shopee.co.id/CINCIN-NIKAH-RENATA-WEDDING-RING-EMAS-17K-BUNGA-TANJUNG-GOLD-i.48895190.28179816101?extraParams=%7B%22display_model_id%22%3A247906525177%2C%22model_selection_logic%22%3A3%7D","https://down-id.img.susercontent.com/file/id-11134207-822wp-mo3fyoncoxkw76","CINCIN NIKAH RENATA WEDDING RING - EMAS 17K - BUNGA TANJUNG GOLD","12.995.000","Pilih Lokal","4.9 Penilaian Toko",""
"https://shopee.co.id/CINCIN-FULL-INFINITY-BOLD-EMAS-18K-BUNGA-TANJUNG-GOLD-i.48895190.26673316109?extraParams=%7B%22display_model_id%22%3A287035096263%2C%22model_selection_logic%22%3A3%7D","https://down-id.img.susercontent.com/file/id-11134207-822wm-mn9v2z5qf4083f","CINCIN FULL INFINITY BOLD - EMAS 18K - BUNGA TANJUNG GOLD","4.536.000","Pilih Lokal","4.9","28 terjual"
"https://shopee.co.id/CINCIN-ULAR-EMAS-17K-BUNGA-TANJUNG-GOLD-i.48895190.23954745999?extraParams=%7B%22display_model_id%22%3A205604908873%2C%22model_selection_logic%22%3A3%7D","https://down-id.img.susercontent.com/file/id-11134207-7r98q-lwtj9k2t5ll921","CINCIN ULAR - EMAS 17K - BUNGA TANJUNG GOLD","6.569.000","Pilih Lokal","5.0","28 terjual"
"https://shopee.co.id/CINCIN-DOROTHY-EMAS-17K-BUNGA-TANJUNG-GOLD-i.48895190.15950960716?extraParams=%7B%22display_model_id%22%3A126271810799%2C%22model_selection_logic%22%3A3%7D","https://down-id.img.susercontent.com/file/id-11134207-8224v-ml0dbqt3sd1e44","CINCIN DOROTHY - EMAS 17K - BUNGA TANJUNG GOLD","2.142.000","Pilih Lokal","5.0","66 terjual"
"https://shopee.co.id/CINCIN-ULAR-BLINK-EMAS-17K-BUNGA-TANJUNG-GOLD-i.48895190.43304398796?extraParams=%7B%22display_model_id%22%3A415874219217%2C%22model_selection_logic%22%3A3%7D","https://down-id.img.susercontent.com/file/id-11134207-822wt-mntnhvtym9l01e","CINCIN ULAR BLINK - EMAS 17K - BUNGA TANJUNG GOLD","7.560.000","Pilih Lokal","5.0","5 terjual"
"https://shopee.co.id/CINCIN-BOLA-GLITTER-EMAS-17K-BUNGA-TANJUNG-GOLD-i.48895190.57104156343?extraParams=%7B%22display_model_id%22%3A169130545391%2C%22model_selection_logic%22%3A3%7D","https://down-id.img.susercontent.com/file/id-11134207-8224x-mkxjqk4737k129","CINCIN BOLA GLITTER - EMAS 17K - BUNGA TANJUNG GOLD","5.544.000","Pilih Lokal","5.0","2 terjual"
"https://shopee.co.id/CINCIN-NIKAH-CLAIRE-WEDDING-RING-EMAS-17K-BUNGA-TANJUNG-GOLD-i.48895190.22976629643?extraParams=%7B%22display_model_id%22%3A310834360030%2C%22model_selection_logic%22%3A3%7D","https://down-id.img.susercontent.com/file/id-11134207-822ws-mo3fyoncrqps74","CINCIN NIKAH CLAIRE WEDDING RING - EMAS 17K - BUNGA TANJUNG GOLD","9.126.000","Pilih Lokal","5.0","18 terjual"
"https://shopee.co.id/CINCIN-TWIN-PLAT-TINJU-BOLD-EMAS-18K-BUNGA-TANJUNG-GOLD-i.48895190.52809149260?extraParams=%7B%22display_model_id%22%3A430810838142%2C%22model_selection_logic%22%3A3%7D","https://down-id.img.susercontent.com/file/id-11134207-822wi-mn9rukmrijupda","CINCIN TWIN PLAT TINJU BOLD - EMAS 18K - BUNGA TANJUNG GOLD","5.292.000","Pilih Lokal","4.9 Penilaian Toko",""
"https://shopee.co.id/CINCIN-TWIN-LAYER-UNTIR-BOLD-EMAS-18K-BUNGA-TANJUNG-GOLD-i.48895190.57859145199?extraParams=%7B%22display_model_id%22%3A415809364194%2C%22model_selection_logic%22%3A3%7D","https://down-id.img.susercontent.com/file/id-11134207-822wt-mn9iu46ywdtt0c","CINCIN TWIN LAYER UNTIR BOLD - EMAS 18K - BUNGA TANJUNG GOLD","5.292.000","Pilih Lokal","5.0","2 terjual"
"https://shopee.co.id/CINCIN-ULAR-TRIPLE-LAYER-BLINK-EMAS-17K-BUNGA-TANJUNG-GOLD-i.48895190.27394743939?extraParams=%7B%22display_model_id%22%3A430878574614%2C%22model_selection_logic%22%3A3%7D","https://down-id.img.susercontent.com/file/id-11134207-822wg-mnv416ewvaq0db","CINCIN ULAR TRIPLE LAYER BLINK - EMAS 17K - BUNGA TANJUNG GOLD","16.758.000","","4.9 Penilaian Toko",""
"https://shopee.co.id/CINCIN-THEA-BOLD-EMAS-18K-BUNGA-TANJUNG-GOLD-i.48895190.28217947560?extraParams=%7B%22display_model_id%22%3A233476116624%2C%22model_selection_logic%22%3A3%7D","https://down-id.img.susercontent.com/file/id-11134207-822wl-mn9v2z5qhx547f","CINCIN THEA BOLD - EMAS 18K - BUNGA TANJUNG GOLD","3.906.000","Pilih Lokal","4.9","25 terjual"
"https://shopee.co.id/CINCIN-TUNANGAN-SOLITAIRE-ALEXIA-EMAS-17K-BUNGA-TANJUNG-GOLD-i.48895190.15346578114?extraParams=%7B%22display_model_id%22%3A157853543871%2C%22model_selection_logic%22%3A3%7D","https://down-id.img.susercontent.com/file/id-11134207-822wh-mlysjkgovtog1e","CINCIN TUNANGAN SOLITAIRE ALEXIA - EMAS 17K - BUNGA TANJUNG GOLD","5.670.000","Pilih Lokal","5.0","45 terjual"
"https://shopee.co.id/CINCIN-CALLA-BOLD-EMAS-18K-BUNGA-TANJUNG-GOLD-i.48895190.26529902397?extraParams=%7B%22display_model_id%22%3A157738958229%2C%22model_selection_logic%22%3A3%7D","https://down-id.img.susercontent.com/file/id-11134207-7rbk6-m7hm96vao9ed93","CINCIN CALLA BOLD - EMAS 18K - BUNGA TANJUNG GOLD","6.048.000","Pilih Lokal","4.9 Penilaian Toko",""
"https://shopee.co.id/CINCIN-MEIDA-CLASSIC-EMAS-17K-BUNGA-TANJUNG-GOLD-i.48895190.54409938324?extraParams=%7B%22display_model_id%22%3A420877941023%2C%22model_selection_logic%22%3A3%7D","https://down-id.img.susercontent.com/file/id-11134207-822wj-mnuxk7yvlgxsae","CINCIN MEIDA CLASSIC - EMAS 17K - BUNGA TANJUNG GOLD","6.552.000","","4.9 Penilaian Toko",""
"https://shopee.co.id/CINCIN-V-AUREL-SHIMMER-YU-EMAS-17K-BUNGA-TANJUNG-GOLD-i.48895190.28189455537?extraParams=%7B%22display_model_id%22%3A224685448489%2C%22model_selection_logic%22%3A3%7D","https://down-id.img.susercontent.com/file/id-11134207-82251-mksxtz8bj18n53","CINCIN V AUREL SHIMMER YU - EMAS 17K - BUNGA TANJUNG GOLD","2.142.000","Pilih Lokal","5.0","80 terjual"
"https://shopee.co.id/CINCIN-WAVE-OCEAN-BOLD-EMAS-18K-BUNGA-TANJUNG-GOLD-i.48895190.27594642500?extraParams=%7B%22display_model_id%22%3A435809183154%2C%22model_selection_logic%22%3A3%7D","https://down-id.img.susercontent.com/file/id-11134207-822wp-mn9g7560fkzq64","CINCIN WAVE OCEAN BOLD - EMAS 18K - BUNGA TANJUNG GOLD","5.166.000","Pilih Lokal","4.9 Penilaian Toko",""
"https://shopee.co.id/CINCIN-UNLIMITED-SHIMMER-B-EMAS-17K-BUNGA-TANJUNG-GOLD-i.48895190.20613889091?extraParams=%7B%22display_model_id%22%3A193737985709%2C%22model_selection_logic%22%3A3%7D","https://down-id.img.susercontent.com/file/id-11134207-8224p-mkt8e7kkj8xzb3","CINCIN UNLIMITED SHIMMER B - EMAS 17K - BUNGA TANJUNG GOLD","7.938.000","Pilih Lokal","5.0","22 terjual"
"https://shopee.co.id/CINCIN-ORLENA-TWIST-BOLD-EMAS-18K-BUNGA-TANJUNG-GOLD-i.48895190.53409129085?extraParams=%7B%22display_model_id%22%3A385809031160%2C%22model_selection_logic%22%3A3%7D","https://down-id.img.susercontent.com/file/id-11134207-822wn-mn9g75609ypyee","CINCIN ORLENA TWIST BOLD - EMAS 18K - BUNGA TANJUNG GOLD","6.552.000","Pilih Lokal","4.9 Penilaian Toko",""
"https://shopee.co.id/CINCIN-CATALINA-SHIMMER-EMAS-17K-BUNGA-TANJUNG-GOLD-i.48895190.14023538479?extraParams=%7B%22display_model_id%22%3A415227733779%2C%22model_selection_logic%22%3A3%7D","https://down-id.img.susercontent.com/file/id-11134207-8224r-mkrzyneoz47ae1","CINCIN CATALINA SHIMMER - EMAS 17K - BUNGA TANJUNG GOLD","1.297.000","Pilih Lokal","4.9","167 terjual"
"https://shopee.co.id/CINCIN-UNLIMITED-LINE-BOLD-EMAS-18K-BUNGA-TANJUNG-GOLD-i.48895190.47359153041?extraParams=%7B%22display_model_id%22%3A440809660188%2C%22model_selection_logic%22%3A3%7D","https://down-id.img.susercontent.com/file/id-11134207-822wu-mn9lk0qug4ck2b","CINCIN UNLIMITED LINE BOLD - EMAS 18K - BUNGA TANJUNG GOLD","8.316.000","Pilih Lokal","5.0","1 terjual"
"https://shopee.co.id/CINCIN-UNLIMITED-BUBBLE-RING-EMAS-17K-BUNGA-TANJUNG-GOLD-i.48895190.49308215559?extraParams=%7B%22display_model_id%22%3A216387161779%2C%22model_selection_logic%22%3A3%7D","https://down-id.img.susercontent.com/file/id-11134207-822wk-mmlfomsypr7m24","CINCIN UNLIMITED BUBBLE RING - EMAS 17K - BUNGA TANJUNG GOLD","5.796.000","Pilih Lokal","4.9 Penilaian Toko",""
"https://shopee.co.id/CINCIN-BOBBA-PLAT-H-BOLD-EMAS-18K-BUNGA-TANJUNG-GOLD-i.48895190.57909132250?extraParams=%7B%22display_model_id%22%3A335809424847%2C%22model_selection_logic%22%3A3%7D","https://down-id.img.susercontent.com/file/id-11134207-822wq-mn9jvk95064j8e","CINCIN BOBBA PLAT H BOLD - EMAS 18K - BUNGA TANJUNG GOLD","4.536.000","2 terjual","5.0",""
"https://shopee.co.id/CINCIN-TINJU-TETES-GEO-EMAS-17K-BUNGA-TANJUNG-GOLD-i.48895190.55108992875?extraParams=%7B%22display_model_id%22%3A355797700724%2C%22model_selection_logic%22%3A3%7D","https://down-id.img.susercontent.com/file/id-11134207-822wp-mn5hyhy7im86ce","CINCIN TINJU TETES GEO - EMAS 17K - BUNGA TANJUNG GOLD","9.324.000","Pilih Lokal","4.9 Penilaian Toko",""
"https://shopee.co.id/CINCIN-RYLIE-BOLD-EMAS-18K-BUNGA-TANJUNG-GOLD-i.48895190.29973315183?extraParams=%7B%22display_model_id%22%3A302214721405%2C%22model_selection_logic%22%3A3%7D","https://down-id.img.susercontent.com/file/id-11134207-822wk-mn9v2z5qjbpk64","CINCIN RYLIE BOLD - EMAS 18K - BUNGA TANJUNG GOLD","4.284.000","Pilih Lokal","5.0","26 terjual"
"https://shopee.co.id/CINCIN-CHAIN-SLIM-EMAS-17K-BUNGA-TANJUNG-GOLD-i.48895190.16223881506?extraParams=%7B%22display_model_id%22%3A243991414005%2C%22model_selection_logic%22%3A3%7D","https://down-id.img.susercontent.com/file/id-11134207-82250-ml0dbqsp1edd90","CINCIN CHAIN SLIM - EMAS 17K - BUNGA TANJUNG GOLD","3.099.000","Pilih Lokal","4.9","141 terjual"
"https://shopee.co.id/CINCIN-TINJU-KIPAS-BLINK-EMAS-17K-BUNGA-TANJUNG-GOLD-i.48895190.42920393721?extraParams=%7B%22display_model_id%22%3A395830763736%2C%22model_selection_logic%22%3A3%7D","https://down-id.img.susercontent.com/file/id-11134207-8224s-mkutvzupmosi0a","CINCIN TINJU KIPAS BLINK - EMAS 17K - BUNGA TANJUNG GOLD","4.662.000","Pilih Lokal","5.0","3 terjual"
"https://shopee.co.id/CINCIN-GOLDEN-LOVE-B-SDW-GOLD-EMAS-18K-BUNGA-TANJUNG-GOLD-i.48895190.15651465855?extraParams=%7B%22display_model_id%22%3A345392150354%2C%22model_selection_logic%22%3A3%7D","https://down-id.img.susercontent.com/file/id-11134207-8224z-mkrivnf0o7ia3b","CINCIN GOLDEN LOVE B - SDW GOLD - EMAS 18K - BUNGA TANJUNG GOLD","3.402.000","Pilih Lokal","4.9","737 terjual"
"https://shopee.co.id/CINCIN-KUPU-TWIN-LAYER-BOLD-EMAS-18K-BUNGA-TANJUNG-GOLD-i.48895190.55709149492?extraParams=%7B%22display_model_id%22%3A325810949181%2C%22model_selection_logic%22%3A3%7D","https://down-id.img.susercontent.com/file/id-11134207-822wm-mn9sc7noowskba","CINCIN KUPU TWIN LAYER BOLD - EMAS 18K - BUNGA TANJUNG GOLD","7.182.000","Pilih Lokal","4.9 Penilaian Toko",""
"https://shopee.co.id/CINCIN-BELINA-BOBBA-BLINK-EMAS-17K-BUNGA-TANJUNG-GOLD-i.48895190.27344729327?extraParams=%7B%22display_model_id%22%3A307591947694%2C%22model_selection_logic%22%3A3%7D","https://down-id.img.susercontent.com/file/id-11134207-822ws-mnuv3fw9tr7m95","CINCIN BELINA BOBBA BLINK - EMAS 17K - BUNGA TANJUNG GOLD","10.962.000","","4.9 Penilaian Toko",""
"https://shopee.co.id/CINCIN-NIKAH-FUJI-WEDDING-RING-EMAS-17K-BUNGA-TANJUNG-GOLD-i.48895190.24059861397?extraParams=%7B%22display_model_id%22%3A245252696361%2C%22model_selection_logic%22%3A3%7D","https://down-id.img.susercontent.com/file/id-11134207-822wi-mo3fyoncujuo00","CINCIN NIKAH FUJI WEDDING RING - EMAS 17K - BUNGA TANJUNG GOLD","11.407.000","Pilih Lokal","5.0","4 terjual"
"https://shopee.co.id/CINCIN-VARIASI-T-BLINK-EMAS-17K-BUNGA-TANJUNG-GOLD-i.48895190.40605131845?extraParams=%7B%22display_model_id%22%3A275433204675%2C%22model_selection_logic%22%3A3%7D","https://down-id.img.susercontent.com/file/id-11134207-7ra0u-mb67btp912no74","CINCIN VARIASI T BLINK - EMAS 17K - BUNGA TANJUNG GOLD","5.040.000","Pilih Lokal","5.0","9 terjual"
"https://shopee.co.id/CINCIN-BETHANY-WILLOW-LEAF-EMAS-17K-BUNGA-TANJUNG-GOLD-i.48895190.12817586176?extraParams=%7B%22display_model_id%22%3A244226363872%2C%22model_selection_logic%22%3A3%7D","https://down-id.img.susercontent.com/file/id-11134207-82250-mkt0gs2ejxtvf0","CINCIN BETHANY WILLOW LEAF - EMAS 17K - BUNGA TANJUNG GOLD","2.772.000","Pilih Lokal","4.9","141 terjual"
"https://shopee.co.id/CINCIN-LAYER-WAVE-POLOS-BOLD-EMAS-18K-BUNGA-TANUNG-GOLD-i.48895190.40615239174?extraParams=%7B%22display_model_id%22%3A345803159396%2C%22model_selection_logic%22%3A3%7D","https://down-id.img.susercontent.com/file/id-11134207-822wj-mn9vvb9oqbd404","CINCIN LAYER WAVE POLOS BOLD - EMAS 18K - BUNGA TANUNG GOLD","8.316.000","Pilih Lokal","4.9 Penilaian Toko",""
"https://shopee.co.id/CINCIN-6-LAYER-A-BOLD-EMAS-18K-BUNGA-TANJUNG-GOLD-i.48895190.42658353026?extraParams=%7B%22display_model_id%22%3A360579161125%2C%22model_selection_logic%22%3A3%7D","https://down-id.img.susercontent.com/file/id-11134207-822wj-mn9vvb9ot4i01c","CINCIN 6 LAYER A BOLD - EMAS 18K - BUNGA TANJUNG GOLD","13.104.000","Pilih Lokal","5.0","2 terjual"
"https://shopee.co.id/CINCIN-CLASSIC-FLOREN-EMAS-17K-BUNGA-TANJUNG-GOLD-i.48895190.49359021438?extraParams=%7B%22display_model_id%22%3A420797569709%2C%22model_selection_logic%22%3A3%7D","https://down-id.img.susercontent.com/file/id-11134207-822wo-mn5h2vcs4mpv37","CINCIN CLASSIC FLOREN - EMAS 17K - BUNGA TANJUNG GOLD","9.072.000","Pilih Lokal","4.9 Penilaian Toko",""
"https://shopee.co.id/CINCIN-MEIDA-CLASSIC-DOME-EMAS-17K-BUNGA-TANJUNG-GOLD-i.48895190.55959951028?extraParams=%7B%22display_model_id%22%3A430877886595%2C%22model_selection_logic%22%3A3%7D","https://down-id.img.susercontent.com/file/id-11134207-822wn-mnuxk7yrxfk828","CINCIN MEIDA CLASSIC DOME - EMAS 17K - BUNGA TANJUNG GOLD","14.868.000","","4.9 Penilaian Toko",""
"https://shopee.co.id/CINCIN-BAMBUSO-BOLD-EMAS-18K-BUNGA-TANJUNG-GOLD-i.48895190.57409152518?extraParams=%7B%22display_model_id%22%3A365811377929%2C%22model_selection_logic%22%3A3%7D","https://down-id.img.susercontent.com/file/id-11134207-822wr-mn9uglg8u2gy17","CINCIN BAMBUSO BOLD - EMAS 18K - BUNGA TANJUNG GOLD","7.938.000","Pilih Lokal","4.9 Penilaian Toko",""
"https://shopee.co.id/CINCIN-PLAT-KOTAK-B-BOLD-EMAS-18K-BUNGA-TANJUNG-GOLD-i.48895190.44108352720?extraParams=%7B%22display_model_id%22%3A243622538832%2C%22model_selection_logic%22%3A3%7D","https://down-id.img.susercontent.com/file/id-11134207-822wg-mnawvuomjw8z34","CINCIN PLAT KOTAK B BOLD - EMAS 18K - BUNGA TANJUNG GOLD","7.560.000","Pilih Lokal","4.9 Penilaian Toko",""
"https://shopee.co.id/CINCIN-TINJU-KUPU-B-BOLD-EMAS-18K-BUNGA-TANJUNG-GOLD-i.48895190.44759181969?extraParams=%7B%22display_model_id%22%3A445811562675%2C%22model_selection_logic%22%3A3%7D","https://down-id.img.susercontent.com/file/id-11134207-822ws-mn9vez4h1j41c5","CINCIN TINJU KUPU B BOLD - EMAS 18K - BUNGA TANJUNG GOLD","5.418.000","Pilih Lokal","4.9 Penilaian Toko",""
"https://shopee.co.id/CINCIN-ROUND-LAYER-BOLD-EMAS-18K-BUNGA-TANJUNG-GOLD-i.48895190.41580192854?extraParams=%7B%22display_model_id%22%3A340806909317%2C%22model_selection_logic%22%3A3%7D","https://down-id.img.susercontent.com/file/id-11134207-822wt-mn8gftlfq22pd6","CINCIN ROUND LAYER BOLD - EMAS 18K - BUNGA TANJUNG GOLD","6.048.000","Pilih Lokal","4.9 Penilaian Toko",""
"https://shopee.co.id/CINCIN-AURELIA-FLOW-EMAS-17K-BUNGA-TANJUNG-GOLD-i.48895190.47409025868?extraParams=%7B%22display_model_id%22%3A272545518286%2C%22model_selection_logic%22%3A3%7D","https://down-id.img.susercontent.com/file/id-11134207-822wi-mn5h2vcs8uf7f4","CINCIN AURELIA FLOW - EMAS 17K - BUNGA TANJUNG GOLD","11.592.000","Pilih Lokal","4.9 Penilaian Toko",""
"https://shopee.co.id/CINCIN-TUNANGAN-EIFFEL-SOLITAIRE-EMAS-17K-BUNGA-TANJUNG-GOLD-i.48895190.12894705799?extraParams=%7B%22display_model_id%22%3A445709485835%2C%22model_selection_logic%22%3A3%7D","https://down-id.img.susercontent.com/file/id-11134207-822ws-mlym80uazuo3be","CINCIN TUNANGAN EIFFEL SOLITAIRE - EMAS 17K - BUNGA TANJUNG GOLD","5.198.000","188 terjual","5.0",""
"https://shopee.co.id/CINCIN-MEIDA-SLIM-EMAS-17K-BUNGA-TANJUNG-GOLD-i.48895190.47709970763?extraParams=%7B%22display_model_id%22%3A292592027388%2C%22model_selection_logic%22%3A3%7D","https://down-id.img.susercontent.com/file/id-11134207-822wh-mnuve2n8c4xv0a","CINCIN MEIDA SLIM - EMAS 17K - BUNGA TANJUNG GOLD","5.292.000","","4.9 Penilaian Toko",""
"https://shopee.co.id/CINCIN-GROOVED-POLOS-SHIMMER-EMAS-17K-BUNGA-TANJUNG-GOLD-i.48895190.43262101739?extraParams=%7B%22display_model_id%22%3A59578287227%2C%22model_selection_logic%22%3A3%7D","https://down-id.img.susercontent.com/file/id-11134207-822wr-mnmcgm33uosh38","CINCIN GROOVED POLOS SHIMMER - EMAS 17K - BUNGA TANJUNG GOLD","4.032.000","Pilih Lokal","4.9","26 terjual"
"https://shopee.co.id/CINCIN-SERENA-WAVE-EMAS-17K-BUNGA-TANJUNG-GOLD-i.48895190.29790579677?extraParams=%7B%22display_model_id%22%3A69950211637%2C%22model_selection_logic%22%3A3%7D","https://down-id.img.susercontent.com/file/id-11134207-8224z-mksx91l9q4udaa","CINCIN SERENA WAVE - EMAS 17K - BUNGA TANJUNG GOLD","3.966.000","Pilih Lokal","4.9","37 terjual"
"https://shopee.co.id/CINCIN-SALIB-ROSARIO-BOLD-EMAS-18K-BUNGA-TANJUNG-GOLD-i.48895190.57509148832?extraParams=%7B%22display_model_id%22%3A415810684749%2C%22model_selection_logic%22%3A3%7D","https://down-id.img.susercontent.com/file/id-11134207-822wk-mn9r238k52it9f","CINCIN SALIB ROSARIO BOLD - EMAS 18K - BUNGA TANJUNG GOLD","5.166.000","Pilih Lokal","4.9 Penilaian Toko",""
"https://shopee.co.id/CINCIN-POLOS-TETES-AIR-EMAS-17K-BUNGA-TANJUNG-GOLD-i.48895190.43670393805?extraParams=%7B%22display_model_id%22%3A306665491973%2C%22model_selection_logic%22%3A3%7D","https://down-id.img.susercontent.com/file/id-11134207-82250-mkt0sopeou0yad","CINCIN POLOS TETES AIR - EMAS 17K - BUNGA TANJUNG GOLD","2.646.000","Pilih Lokal","5.0","35 terjual"
"https://shopee.co.id/CINCIN-VESPERA-CURVE-EMAS-17K-BUNGA-TANJUNG-GOLD-i.48895190.50608626445?extraParams=%7B%22display_model_id%22%3A340768538397%2C%22model_selection_logic%22%3A3%7D","https://down-id.img.susercontent.com/file/id-11134207-822wu-mnaz2zxi9mgx75","CINCIN VESPERA CURVE - EMAS 17K - BUNGA TANJUNG GOLD","2.520.000","Pilih Lokal","4.9 Penilaian Toko",""
"https://shopee.co.id/CINCIN-GEMBOK-EMAS-17K-BUNGA-TANJUNG-GOLD-i.48895190.23252549269?extraParams=%7B%22display_model_id%22%3A232043661259%2C%22model_selection_logic%22%3A3%7D","https://down-id.img.susercontent.com/file/id-11134207-7r98r-llymlw1nkl53d7","CINCIN GEMBOK - EMAS 17K - BUNGA TANJUNG GOLD","4.158.000","Pilih Lokal","5.0","37 terjual"
"https://shopee.co.id/CINCIN-TINJU-SIMPUL-BOLD-EMAS-18K-BUNGA-TANJUNG-GOLD-i.48895190.46856520040?extraParams=%7B%22display_model_id%22%3A297421391923%2C%22model_selection_logic%22%3A3%7D","https://down-id.img.susercontent.com/file/id-11134207-822wp-mn9vvb9ouj2g74","CINCIN TINJU SIMPUL BOLD - EMAS 18K - BUNGA TANJUNG GOLD","5.166.000","Pilih Lokal","4.9 Penilaian Toko",""
"https://shopee.co.id/CINCIN-TWIN-PLAT-C-BOLD-EMAS-18K-BUNGA-TANJUNG-GOLD-i.48895190.56159103349?extraParams=%7B%22display_model_id%22%3A440806800293%2C%22model_selection_logic%22%3A3%7D","https://down-id.img.susercontent.com/file/id-11134207-822wr-mn8fq6hd9yio4f","CINCIN TWIN PLAT C BOLD - EMAS 18K - BUNGA TANJUNG GOLD","9.324.000","Pilih Lokal","4.9 Penilaian Toko",""
"https://shopee.co.id/CINCIN-TINJU-TRIANGLE-BOLD-EMAS-18K-BUNGA-TANJUNG-GOLD-i.48895190.29585873752?extraParams=%7B%22display_model_id%22%3A282587935557%2C%22model_selection_logic%22%3A3%7D","https://down-id.img.susercontent.com/file/id-11134207-822wk-mn9v2z5qnjewe6","CINCIN TINJU TRIANGLE BOLD - EMAS 18K - BUNGA TANJUNG GOLD","5.166.000","Pilih Lokal","5.0","9 terjual"
"https://shopee.co.id/CINCIN-LILAC-BOLD-EMAS-18K-BUNGA-TANJUNG-GOLD-i.48895190.26917224527?extraParams=%7B%22display_model_id%22%3A330806696024%2C%22model_selection_logic%22%3A3%7D","https://down-id.img.susercontent.com/file/id-11134207-822wn-mn9vvb9p1jwoc5","CINCIN LILAC BOLD - EMAS 18K - BUNGA TANJUNG GOLD","5.670.000","Pilih Lokal","4.9 Penilaian Toko",""
"https://shopee.co.id/CINCIN-TUNANGAN-SOLITAIRE-H-EMAS-17K-BUNGA-TANJUNG-GOLD-i.48895190.23243828687?extraParams=%7B%22display_model_id%22%3A214325951902%2C%22model_selection_logic%22%3A3%7D","https://down-id.img.susercontent.com/file/id-11134207-7rbk8-ma8h58egsgck06","CINCIN TUNANGAN SOLITAIRE H - EMAS 17K - BUNGA TANJUNG GOLD","7.239.000","Pilih Lokal","5.0","7 terjual"
"https://shopee.co.id/CINCIN-TUNANGAN-SOLITAIRE-BAGUETTE-D-EMAS-17K-BUNGA-TANJUNG-GOLD-i.48895190.41355308325?extraParams=%7B%22display_model_id%22%3A310734150176%2C%22model_selection_logic%22%3A3%7D","https://down-id.img.susercontent.com/file/id-11134207-7ra0h-mb7udrblp1auea","CINCIN TUNANGAN SOLITAIRE BAGUETTE D - EMAS 17K - BUNGA TANJUNG GOLD","5.424.000","Pilih Lokal","5.0","2 terjual"
"https://shopee.co.id/CINCIN-WAVE-BINTANG-BLINK-EMAS-17K-BUNGA-TANJUNG-GOLD-i.48895190.40970400332?extraParams=%7B%22display_model_id%22%3A301665546177%2C%22model_selection_logic%22%3A3%7D","https://down-id.img.susercontent.com/file/id-11134207-8224x-mkuh8zsasykl3b","CINCIN WAVE BINTANG BLINK - EMAS 17K - BUNGA TANJUNG GOLD","4.788.000","Pilih Lokal","5.0","4 terjual"
"https://shopee.co.id/CINCIN-PITA-BOLA-BOLD-EMAS-18K-BUNGA-TANJUNG-GOLD-i.48895190.44230195891?extraParams=%7B%22display_model_id%22%3A440806880782%2C%22model_selection_logic%22%3A3%7D","https://down-id.img.susercontent.com/file/id-11134207-822wr-mn8gftlfn8xtb6","CINCIN PITA BOLA BOLD - EMAS 18K - BUNGA TANJUNG GOLD","6.930.000","Pilih Lokal","4.9 Penilaian Toko",""
"https://shopee.co.id/CINCIN-PLAT-WAVE-B-EMAS-17K-BUNGA-TANJUNG-GOLD-i.48895190.55356341283?extraParams=%7B%22display_model_id%22%3A320572880388%2C%22model_selection_logic%22%3A3%7D","https://down-id.img.susercontent.com/file/id-11134207-8224w-ml1tf1n3kglc4f","CINCIN PLAT WAVE B - EMAS 17K - BUNGA TANJUNG GOLD","3.906.000","Pilih Lokal","5.0","4 terjual"
"https://shopee.co.id/CINCIN-TWIN-LAYER-BOBBA-V-BOLD-EMAS-18K-BUNGA-TANJUNG-GOLD-i.48895190.54809142413?extraParams=%7B%22display_model_id%22%3A350870654334%2C%22model_selection_logic%22%3A3%7D","https://down-id.img.susercontent.com/file/id-11134207-822wt-mn9n4r3s3y83cb","CINCIN TWIN LAYER BOBBA V BOLD - EMAS 18K - BUNGA TANJUNG GOLD","6.300.000","Pilih Lokal","4.9 Penilaian Toko",""
"https://shopee.co.id/CINCIN-LOVE-HATI-A-BOLD-EMAS-18K-BUNGA-TANJUNG-GOLD-i.48895190.42579024010?extraParams=%7B%22display_model_id%22%3A400802950132%2C%22model_selection_logic%22%3A3%7D","https://down-id.img.susercontent.com/file/id-11134207-822wl-mnawvuomh3437d","CINCIN LOVE HATI A BOLD - EMAS 18K - BUNGA TANJUNG GOLD","9.702.000","Pilih Lokal","4.9 Penilaian Toko",""
"https://shopee.co.id/CINCIN-KIARA-PINK-SAKURA-PITA-BLINK-EMAS-17K-BUNGA-TANJUNG-GOLD-i.48895190.42212810637?extraParams=%7B%22display_model_id%22%3A238003851776%2C%22model_selection_logic%22%3A3%7D","https://down-id.img.susercontent.com/file/sg-11134201-7rdvy-mdeh7h2o9kno99","CINCIN KIARA PINK SAKURA PITA BLINK - EMAS 17K - BUNGA TANJUNG GOLD","18.243.000","Pilih Lokal","4.9 Penilaian Toko",""
"https://shopee.co.id/CINCIN-KELLY-KUPU-KUPU-HOLOGRAM-EMAS-17K-BUNGA-TANJUNG-GOLD-i.48895190.21688509248?extraParams=%7B%22display_model_id%22%3A345493199743%2C%22model_selection_logic%22%3A3%7D","https://down-id.img.susercontent.com/file/id-11134207-8224y-mkyym98he9dz09","CINCIN KELLY KUPU KUPU HOLOGRAM - EMAS 17K - BUNGA TANJUNG GOLD","2.268.000","Pilih Lokal","4.8","94 terjual"
"https://shopee.co.id/CINCIN-MILGRAIN-SHIMMER-POLOS-EMAS-17K-BUNGA-TANJUNG-GOLD-i.48895190.45859759700?extraParams=%7B%22display_model_id%22%3A410861670858%2C%22model_selection_logic%22%3A3%7D","https://down-id.img.susercontent.com/file/id-11134207-822wl-mno2jewwf56p9a","CINCIN MILGRAIN SHIMMER POLOS - EMAS 17K - BUNGA TANJUNG GOLD","4.032.000","Pilih Lokal","5.0","1 terjual"
"https://shopee.co.id/CINCIN-TWISTORA-EMAS-17K-BUNGA-TANJUNG-GOLD-i.48895190.47460094909?extraParams=%7B%22display_model_id%22%3A345886487404%2C%22model_selection_logic%22%3A3%7D","https://down-id.img.susercontent.com/file/id-11134207-822wt-mnxp0hfrfzep3f","CINCIN TWISTORA - EMAS 17K - BUNGA TANJUNG GOLD","2.142.000","","4.9 Penilaian Toko",""
"https://shopee.co.id/GELANG-UNLIMITED-LOVE-EMAS-17K-BUNGA-TANJUNG-GOLD-i.48895190.49956859651?extraParams=%7B%22display_model_id%22%3A385615687343%2C%22model_selection_logic%22%3A3%7D","https://down-id.img.susercontent.com/file/id-11134207-822wj-mlt59vrerqbpc9","GELANG UNLIMITED LOVE - EMAS 17K - BUNGA TANJUNG GOLD","25.461.000","Pilih Lokal","4.9 Penilaian Toko",""
"https://shopee.co.id/CINCIN-LINEAR-LOOP-BOLD-EMAS-18K-BUNGA-TANJUNG-GOLD-i.48895190.43829027955?extraParams=%7B%22display_model_id%22%3A315604430099%2C%22model_selection_logic%22%3A3%7D","https://down-id.img.susercontent.com/file/id-11134207-822wt-mnawvuomihoj5a","CINCIN LINEAR LOOP BOLD - EMAS 18K - BUNGA TANJUNG GOLD","5.544.000","Pilih Lokal","4.9 Penilaian Toko",""
"https://shopee.co.id/CINCIN-UNTIR-E-BOLD-EMAS-18K-BUNGA-TANJUNG-GOLD-i.48895190.51209131855?extraParams=%7B%22display_model_id%22%3A425809277181%2C%22model_selection_logic%22%3A3%7D","https://down-id.img.susercontent.com/file/id-11134207-822wr-mn9hnnfgxwqoad","CINCIN UNTIR E BOLD - EMAS 18K - BUNGA TANJUNG GOLD","5.418.000","Pilih Lokal","4.9 Penilaian Toko",""
"https://shopee.co.id/CINCIN-TINJU-BOLA-B-BOLD-EMAS-18K-BUNGA-TANJUNG-GOLD-i.48895190.29291999280?extraParams=%7B%22display_model_id%22%3A258938978476%2C%22model_selection_logic%22%3A3%7D","https://down-id.img.susercontent.com/file/id-11134207-8224q-mkuh8zsaq5fp6d","CINCIN TINJU BOLA B BOLD - EMAS 18K - BUNGA TANJUNG GOLD","7.182.000","Pilih Lokal","5.0","3 terjual"
"https://shopee.co.id/CINCIN-TWIN-WAVE-B-BOLD-EMAS-18K-BUNGA-TANJUNG-GOLD-i.48895190.51559103458?extraParams=%7B%22display_model_id%22%3A350806831384%2C%22model_selection_logic%22%3A3%7D","https://down-id.img.susercontent.com/file/id-11134207-822wg-mn8fq6h8r0na04","CINCIN TWIN WAVE B BOLD - EMAS 18K - BUNGA TANJUNG GOLD","8.316.000","Pilih Lokal","4.9 Penilaian Toko",""
"https://shopee.co.id/CINCIN-INFINITY-POLOS-A-EMAS-17K-BUNGA-TANJUNG-GOLD-i.48895190.42160534178?extraParams=%7B%22display_model_id%22%3A280886105526%2C%22model_selection_logic%22%3A3%7D","https://down-id.img.susercontent.com/file/id-11134207-8224y-mkuf4vu8kt1c85","CINCIN INFINITY POLOS A - EMAS 17K - BUNGA TANJUNG GOLD","2.884.000","Pilih Lokal","5.0","5 terjual"
"https://shopee.co.id/CINCIN-CLOVER-HIJAU-EMAS-17K-BUNGA-TANJUNG-GOLD-i.48895190.28824684405?extraParams=%7B%22display_model_id%22%3A198182458706%2C%22model_selection_logic%22%3A3%7D","https://down-id.img.susercontent.com/file/id-11134207-8224x-mktaj7yneubnc8","CINCIN CLOVER HIJAU - EMAS 17K - BUNGA TANJUNG GOLD","5.040.000","12 terjual","4.7",""
"https://shopee.co.id/CINCIN-2-LAYER-KUNCI-HATI-BLINK-EMAS-17K-BUNGA-TANJUNG-GOLD-i.48895190.44259086298?extraParams=%7B%22display_model_id%22%3A265760629306%2C%22model_selection_logic%22%3A3%7D","https://down-id.img.susercontent.com/file/id-11134207-82251-mkxafrz8ighuff","CINCIN 2 LAYER KUNCI HATI BLINK - EMAS 17K - BUNGA TANJUNG GOLD","4.662.000","Pilih Lokal","4.9 Penilaian Toko",""
"https://shopee.co.id/CINCIN-TINJU-PLAT-BOLD-EMAS-18K-BUNGA-TANJUNG-GOLD-i.48895190.46709151971?extraParams=%7B%22display_model_id%22%3A385809325761%2C%22model_selection_logic%22%3A3%7D","https://down-id.img.susercontent.com/file/id-11134207-822wp-mn9iu46ytkox0f","CINCIN TINJU PLAT BOLD - EMAS 18K - BUNGA TANJUNG GOLD","6.930.000","Pilih Lokal","4.9 Penilaian Toko",""
"https://shopee.co.id/CINCIN-TUNANGAN-SOLITAIRE-KEPANG-EMAS-17K-BUNGA-TANJUNG-GOLD-i.48895190.25461821083?extraParams=%7B%22display_model_id%22%3A259153320827%2C%22model_selection_logic%22%3A3%7D","https://down-id.img.susercontent.com/file/id-11134207-822wl-mma88g77785h60","CINCIN TUNANGAN SOLITAIRE KEPANG - EMAS 17K - BUNGA TANJUNG GOLD","5.860.000","Pilih Lokal","5.0","19 terjual"
"https://shopee.co.id/CINCIN-ZAFIRA-AURA-BOLD-EMAS-18K-BUNGA-TANJUNG-GOLD-i.48895190.50606485228?extraParams=%7B%22display_model_id%22%3A420582715384%2C%22model_selection_logic%22%3A3%7D","https://down-id.img.susercontent.com/file/id-11134207-822wu-mn9xk048d98m64","CINCIN ZAFIRA AURA BOLD - EMAS 18K - BUNGA TANJUNG GOLD","6.930.000","Pilih Lokal","5.0","1 terjual"
"https://shopee.co.id/CINCIN-WILLOW-VINE-BOLD-EMAS-18K-BUNGA-TANJUNG-GOLD-i.48895190.54206719368?extraParams=%7B%22display_model_id%22%3A335604540143%2C%22model_selection_logic%22%3A3%7D","https://down-id.img.susercontent.com/file/id-11134207-822wj-mnay2vtqj5dv08","CINCIN WILLOW VINE BOLD - EMAS 18K - BUNGA TANJUNG GOLD","6.048.000","Pilih Lokal","4.9 Penilaian Toko",""
"https://shopee.co.id/CINCIN-BLISS-TWIN-BOLD-EMAS-18K-BUNGA-TANJUNG-GOLD-i.48895190.49259144529?extraParams=%7B%22display_model_id%22%3A365808827336%2C%22model_selection_logic%22%3A3%7D","https://down-id.img.susercontent.com/file/id-11134207-822wk-mn9dvekzn8xt78","CINCIN BLISS TWIN BOLD - EMAS 18K - BUNGA TANJUNG GOLD","8.568.000","Pilih Lokal","4.9 Penilaian Toko",""
"https://shopee.co.id/CINCIN-TUNANGAN-SOLITAIRE-PLAT-HATI-EMAS-17K-BUNGA-TANJUNG-GOLD-i.48895190.11682333007?extraParams=%7B%22display_model_id%22%3A272303695782%2C%22model_selection_logic%22%3A3%7D","https://down-id.img.susercontent.com/file/id-11134207-822wu-mm5hrw0i5ipuee","CINCIN TUNANGAN SOLITAIRE PLAT HATI - EMAS 17K - BUNGA TANJUNG GOLD","4.826.000","Pilih Lokal","5.0","33 terjual"
"https://shopee.co.id/CINCIN-TUNANGAN-SOLITAIRE-SALVINA-EMAS-17K-BUNGA-TANJUNG-GOLD-i.48895190.13293488643?extraParams=%7B%22display_model_id%22%3A395529700813%2C%22model_selection_logic%22%3A3%7D","https://down-id.img.susercontent.com/file/id-11134207-7rbk1-m9fbtuke1s0h12","CINCIN TUNANGAN SOLITAIRE SALVINA - EMAS 17K - BUNGA TANJUNG GOLD","6.205.000","Pilih Lokal","4.9","15 terjual"
"https://shopee.co.id/CINCIN-WILLOW-LEAF-BOLD-EMAS-18K-BUNGA-TANJUNG-GOLD-i.48895190.44656738787?extraParams=%7B%22display_model_id%22%3A325802963629%2C%22model_selection_logic%22%3A3%7D","https://down-id.img.susercontent.com/file/id-11134207-822wl-mn9xk048ag3qb0","CINCIN WILLOW LEAF BOLD - EMAS 18K - BUNGA TANJUNG GOLD","4.284.000","Pilih Lokal","4.5","3 terjual"
"https://shopee.co.id/CINCIN-CHARLOTTE-BOLD-EMAS-18K-BUNGA-TANJUNG-GOLD-i.48895190.56809098492?extraParams=%7B%22display_model_id%22%3A310807447130%2C%22model_selection_logic%22%3A3%7D","https://down-id.img.susercontent.com/file/id-11134207-822wo-mn8gftlfhmo13c","CINCIN CHARLOTTE BOLD - EMAS 18K - BUNGA TANJUNG GOLD","7.686.000","Pilih Lokal","4.9 Penilaian Toko",""
"https://shopee.co.id/CINCIN-PLAT-SLIM-BOLD-EMAS-18K-BUNGA-TANJUNG-GOLD-i.48895190.55559133204?extraParams=%7B%22display_model_id%22%3A375809718440%2C%22model_selection_logic%22%3A3%7D","https://down-id.img.susercontent.com/file/id-11134207-822wi-mn9lk0qug4coa2","CINCIN PLAT SLIM BOLD - EMAS 18K - BUNGA TANJUNG GOLD","5.544.000","Pilih Lokal","4.9 Penilaian Toko",""
"https://shopee.co.id/CINCIN-UNTIR-WAVE-C-BOLD-EMAS-18K-BUNGA-TANJUNG-GOLD-i.48895190.44909174381?extraParams=%7B%22display_model_id%22%3A425811972526%2C%22model_selection_logic%22%3A3%7D","https://down-id.img.susercontent.com/file/id-11134207-822wt-mn9xp1v7yb5v13","CINCIN UNTIR WAVE C BOLD - EMAS 18K - BUNGA TANJUNG GOLD","6.831.000","Pilih Lokal","4.9 Penilaian Toko",""
"https://shopee.co.id/CINCIN-SPIRAL-KUDA-EMAS-17K-BUNGA-TANJUNG-GOLD-i.48895190.51458127260?extraParams=%7B%22display_model_id%22%3A390721622559%2C%22model_selection_logic%22%3A3%7D","https://down-id.img.susercontent.com/file/id-11134207-822wr-mmk54xmcmw3n1f","CINCIN SPIRAL KUDA - EMAS 17K - BUNGA TANJUNG GOLD","10.836.000","Pilih Lokal","4.9 Penilaian Toko",""
"https://shopee.co.id/CINCIN-LUXE-CHAIN-BOLD-EMAS-18K-BUNGA-TANJUNG-GOLD-i.48895190.56359155121?extraParams=%7B%22display_model_id%22%3A355810812200%2C%22model_selection_logic%22%3A3%7D","https://down-id.img.susercontent.com/file/id-11134207-822wi-mn9r238t45504a","CINCIN LUXE CHAIN BOLD - EMAS 18K - BUNGA TANJUNG GOLD","6.300.000","Pilih Lokal","4.9 Penilaian Toko",""
"https://shopee.co.id/CINCIN-TINJU-STAR-BOLD-EMAS-18K-BUNGA-TANJUNG-GOLD-i.48895190.46159127642?extraParams=%7B%22display_model_id%22%3A415806798635%2C%22model_selection_logic%22%3A3%7D","https://down-id.img.susercontent.com/file/id-11134207-822wn-mn8fq6h8ledib6","CINCIN TINJU STAR BOLD - EMAS 18K - BUNGA TANJUNG GOLD","7.056.000","Pilih Lokal","4.9 Penilaian Toko",""
"https://shopee.co.id/CINCIN-SAVIRA-TINJU-DUO-BOLD-EMAS-18K-BUNGA-TANJUNG-GOLD-i.48895190.45306493296?extraParams=%7B%22display_model_id%22%3A385582768284%2C%22model_selection_logic%22%3A3%7D","https://down-id.img.susercontent.com/file/id-11134207-822ws-mn9xk048buo68f","CINCIN SAVIRA TINJU DUO BOLD - EMAS 18K - BUNGA TANJUNG GOLD","7.938.000","Pilih Lokal","5.0","2 terjual"
"https://shopee.co.id/CINCIN-2-IN-1-OVAL-BLINK-YU-EMAS-17K-BUNGA-TANJUNG-GOLD-i.48895190.27888355034?extraParams=%7B%22display_model_id%22%3A275620207312%2C%22model_selection_logic%22%3A3%7D","https://down-id.img.susercontent.com/file/id-11134207-8224u-mkuf4vu8hzwg3b","CINCIN 2 IN 1 OVAL BLINK YU - EMAS 17K - BUNGA TANJUNG GOLD","8.820.000","Pilih Lokal","5.0","7 terjual"
"https://shopee.co.id/CINCIN-PLAT-X-BOLD-EMAS-18K-BUNGA-TANJUNG-GOLD-i.48895190.50259140591?extraParams=%7B%22display_model_id%22%3A405809216155%2C%22model_selection_logic%22%3A3%7D","https://down-id.img.susercontent.com/file/id-11134207-822wh-mn9hnnfgphc002","CINCIN PLAT X BOLD - EMAS 18K - BUNGA TANJUNG GOLD","4.536.000","Pilih Lokal","5.0","1 terjual"
"https://shopee.co.id/CINCIN-ARUNA-CHAIN-BOLD-EMAS-18K-BUNGA-TANJUNG-GOLD-i.48895190.53856475759?extraParams=%7B%22display_model_id%22%3A365582373754%2C%22model_selection_logic%22%3A3%7D","https://down-id.img.susercontent.com/file/id-11134207-822wk-mn9xk048ent2e5","CINCIN ARUNA CHAIN BOLD - EMAS 18K - BUNGA TANJUNG GOLD","4.158.000","Pilih Lokal","5.0","4 terjual"
"https://shopee.co.id/CINCIN-RADIANT-BOLD-EMAS-18K-BUNGA-TANJUNG-GOLD-i.48895190.55406735026?extraParams=%7B%22display_model_id%22%3A310803691054%2C%22model_selection_logic%22%3A3%7D","https://down-id.img.susercontent.com/file/id-11134207-822ws-mnay2vtww3yae3","CINCIN RADIANT BOLD - EMAS 18K - BUNGA TANJUNG GOLD","6.678.000","Pilih Lokal","4.9 Penilaian Toko",""
"https://shopee.co.id/CINCIN-DISNEY-MICKEY-HOLOGRAM-EMAS-17K-BUNGA-TANJUNG-GOLD-i.48895190.24916165077?extraParams=%7B%22display_model_id%22%3A137854133430%2C%22model_selection_logic%22%3A3%7D","https://down-id.img.susercontent.com/file/id-11134207-8224q-mkurrhso1mh129","CINCIN DISNEY MICKEY HOLOGRAM - EMAS 17K - BUNGA TANJUNG GOLD","4.136.000","2 terjual","5.0",""
"https://shopee.co.id/CINCIN-VARSHA-BOLD-EMAS-18K-BUNGA-TANJUNG-GOLD-i.48895190.29717960042?extraParams=%7B%22display_model_id%22%3A187985698328%2C%22model_selection_logic%22%3A3%7D","https://down-id.img.susercontent.com/file/id-11134207-822ws-mlybsc1lhf5uff","CINCIN VARSHA BOLD - EMAS 18K - BUNGA TANJUNG GOLD","6.426.000","Pilih Lokal","5.0","4 terjual"
"https://shopee.co.id/CINCIN-INFINITY-FLOREN-EMAS-17K-BUNGA-TANJUNG-GOLD-i.48895190.45209012272?extraParams=%7B%22display_model_id%22%3A355797442570%2C%22model_selection_logic%22%3A3%7D","https://down-id.img.susercontent.com/file/id-11134207-822wq-mn5gdphrskxw50","CINCIN INFINITY FLOREN - EMAS 17K - BUNGA TANJUNG GOLD","7.182.000","Pilih Lokal","4.9 Penilaian Toko",""
"https://shopee.co.id/CINCIN-UNLIMITED-PRISM-BOLD-EMAS-18K-BUNGA-TANJUNG-GOLD-i.48895190.42980204640?extraParams=%7B%22display_model_id%22%3A435810657929%2C%22model_selection_logic%22%3A3%7D","https://down-id.img.susercontent.com/file/id-11134207-822wj-mn9owjoatr0h9d","CINCIN UNLIMITED PRISM BOLD - EMAS 18K - BUNGA TANJUNG GOLD","4.662.000","Pilih Lokal","4.9 Penilaian Toko",""
"https://shopee.co.id/CINCIN-KYRA-WAVE-EMAS-17K-BUNGA-TANJUNG-GOLD-i.48895190.44956352490?extraParams=%7B%22display_model_id%22%3A198810089739%2C%22model_selection_logic%22%3A3%7D","https://down-id.img.susercontent.com/file/id-11134207-82252-ml1rznkqosg485","CINCIN KYRA WAVE - EMAS 17K - BUNGA TANJUNG GOLD","3.124.000","Pilih Lokal","5.0","3 terjual"
"https://shopee.co.id/CINCIN-TUNANGAN-SOLITAIRE-SISIK-NAGA-EMAS-17K-BUNGA-TANJUNG-GOLD-i.48895190.29459021762?extraParams=%7B%22display_model_id%22%3A69806046520%2C%22model_selection_logic%22%3A3%7D","https://down-id.img.susercontent.com/file/id-11134207-7rbka-m9h3vftbnmki12","CINCIN TUNANGAN SOLITAIRE SISIK NAGA - EMAS 17K - BUNGA TANJUNG GOLD","7.928.000","3 terjual","4.5",""
"https://shopee.co.id/CINCIN-KUMBANG-WARNA-BLINK-EMAS-17K-BUNGA-TANJUNG-GOLD-i.48895190.40212100747?extraParams=%7B%22display_model_id%22%3A306012816346%2C%22model_selection_logic%22%3A3%7D","https://down-id.img.susercontent.com/file/id-11134207-8224x-mkuh8zsark05a7","CINCIN KUMBANG WARNA BLINK - EMAS 17K - BUNGA TANJUNG GOLD","6.804.000","Pilih Lokal","5.0","3 terjual"
"https://shopee.co.id/CINCIN-TUNANGAN-SOLITAIRE-PLAT-A-EMAS-17K-BUNGA-TANJUNG-GOLD-i.48895190.26134122322?extraParams=%7B%22display_model_id%22%3A420529697484%2C%22model_selection_logic%22%3A3%7D","https://down-id.img.susercontent.com/file/id-11134207-7rbke-m9fp3qfyc67256","CINCIN TUNANGAN SOLITAIRE PLAT A - EMAS 17K - BUNGA TANJUNG GOLD","8.962.000","Pilih Lokal","5.0","7 terjual"
"https://shopee.co.id/CINCIN-EVERLEST-BOLD-EMAS-18K-BUNGA-TANJUNG-GOLD-i.48895190.47556752134?extraParams=%7B%22display_model_id%22%3A415604938268%2C%22model_selection_logic%22%3A3%7D","https://down-id.img.susercontent.com/file/id-11134207-822wp-mnawvuomqx3799","CINCIN EVERLEST BOLD - EMAS 18K - BUNGA TANJUNG GOLD","8.694.000","Pilih Lokal","4.9 Penilaian Toko",""
"https://shopee.co.id/CINCIN-CLASSIC-ROUND-BOLD-EMAS-18K-BUNGA-TANJUNG-GOLD-i.48895190.47509156334?extraParams=%7B%22display_model_id%22%3A445809468437%2C%22model_selection_logic%22%3A3%7D","https://down-id.img.susercontent.com/file/id-11134207-822wt-mn9jvk92z4le1a","CINCIN CLASSIC ROUND BOLD - EMAS 18K - BUNGA TANJUNG GOLD","4.914.000","Pilih Lokal","4.9 Penilaian Toko",""
"https://shopee.co.id/CINCIN-LAYER-BOBBA-ARROW-BOLD-EMAS-18K-BUNGA-TANJUNG-GOLD-i.48895190.53709156069?extraParams=%7B%22display_model_id%22%3A415811198547%2C%22model_selection_logic%22%3A3%7D","https://down-id.img.susercontent.com/file/id-11134207-822wk-mn9svpa5mpkx86","CINCIN LAYER BOBBA ARROW BOLD - EMAS 18K - BUNGA TANJUNG GOLD","6.300.000","Pilih Lokal","4.9 Penilaian Toko",""
"https://shopee.co.id/CINCIN-REAGAN-DOUBLE-BOLD-EMAS-18K-BUNGA-TANJUNG-GOLD-i.48895190.27017735042?extraParams=%7B%22display_model_id%22%3A233466709955%2C%22model_selection_logic%22%3A3%7D","https://down-id.img.susercontent.com/file/id-11134207-822wh-mn9v2z5qrr4896","CINCIN REAGAN DOUBLE BOLD - EMAS 18K - BUNGA TANJUNG GOLD","9.072.000","Pilih Lokal","4.5","4 terjual"
"https://shopee.co.id/CINCIN-CANE-BOLD-EMAS-18K-BUNGA-TANJUNG-GOLD-i.48895190.46509176274?extraParams=%7B%22display_model_id%22%3A282553410897%2C%22model_selection_logic%22%3A3%7D","https://down-id.img.susercontent.com/file/id-11134207-822wt-mn9svpa5sbupe4","CINCIN CANE BOLD - EMAS 18K - BUNGA TANJUNG GOLD","5.796.000","Pilih Lokal","4.9 Penilaian Toko",""
"https://shopee.co.id/CINCIN-PUFFY-HEART-EMAS-17K-BUNGA-TANJUNG-GOLD-i.48895190.56158189953?extraParams=%7B%22display_model_id%22%3A307505134279%2C%22model_selection_logic%22%3A3%7D","https://down-id.img.susercontent.com/file/id-11134207-822ws-mmlwewi3csue86","CINCIN PUFFY HEART - EMAS 17K - BUNGA TANJUNG GOLD","5.544.000","Pilih Lokal","5.0","1 terjual"
"https://shopee.co.id/CINCIN-GLOO-DOME-BOLD-EMAS-18K-BUNGA-TANJUNG-GOLD-i.48895190.45059187420?extraParams=%7B%22display_model_id%22%3A325812002206%2C%22model_selection_logic%22%3A3%7D","https://down-id.img.susercontent.com/file/id-11134207-822wg-mn9y4hn6hgjn65","CINCIN GLOO DOME BOLD - EMAS 18K - BUNGA TANJUNG GOLD","6.678.000","Pilih Lokal","4.9 Penilaian Toko",""
"https://shopee.co.id/CINCIN-KIARA-KUPU-KUPU-WARNA-EMAS-17K-BUNGA-TANJUNG-GOLD-i.48895190.40761094256?extraParams=%7B%22display_model_id%22%3A296056644425%2C%22model_selection_logic%22%3A3%7D","https://down-id.img.susercontent.com/file/id-11134207-82250-mkvxmlhgfs3ked","CINCIN KIARA KUPU KUPU WARNA - EMAS 17K - BUNGA TANJUNG GOLD","7.938.000","Pilih Lokal","5.0","2 terjual"
"https://shopee.co.id/CINCIN-INFINITY-SHAPE-BOLD-EMAS-18K-BUNGA-TANJUNG-GOLD-i.48895190.54506740391?extraParams=%7B%22display_model_id%22%3A302548523991%2C%22model_selection_logic%22%3A3%7D","https://down-id.img.susercontent.com/file/id-11134207-822wt-mn9xk048g2di81","CINCIN INFINITY SHAPE BOLD - EMAS 18K - BUNGA TANJUNG GOLD","5.922.000","Pilih Lokal","5.0","2 terjual"
"https://shopee.co.id/CINCIN-GOLDEN-TETES-EMAS-17K-BUNGA-TANJUNG-GOLD-i.48895190.43728845992?extraParams=%7B%22display_model_id%22%3A282414989457%2C%22model_selection_logic%22%3A3%7D","https://down-id.img.susercontent.com/file/id-11134207-8224p-ml1svyfj3nczfd","CINCIN GOLDEN TETES - EMAS 17K - BUNGA TANJUNG GOLD","9.828.000","Pilih Lokal","5.0","2 terjual"
"https://shopee.co.id/CINCIN-FLOWER-BLINK-D-EMAS-17K-BUNGA-TANJUNG-GOLD-i.48895190.44110372450?extraParams=%7B%22display_model_id%22%3A260872553595%2C%22model_selection_logic%22%3A3%7D","https://down-id.img.susercontent.com/file/id-11134207-8224w-mkufxlahd4ap18","CINCIN FLOWER BLINK D - EMAS 17K - BUNGA TANJUNG GOLD","3.276.000","Pilih Lokal","5.0","6 terjual"
"https://shopee.co.id/CINCIN-SUPER-RINGAN-BINTANG-EMAS-17K-BUNGA-TANJUNG-GOLD-i.48895190.41123943379?extraParams=%7B%22display_model_id%22%3A306945771172%2C%22model_selection_logic%22%3A3%7D","https://down-id.img.susercontent.com/file/id-11134207-8224q-mkvzymyga9s2cc","CINCIN SUPER RINGAN BINTANG - EMAS 17K - BUNGA TANJUNG GOLD","2.142.000","Pilih Lokal","4.9 Penilaian Toko",""
"https://shopee.co.id/CINCIN-LUME-CHAIN-BOLD-EMAS-18K-BUNGA-TANJUNG-GOLD-i.48895190.53659160481?extraParams=%7B%22display_model_id%22%3A390810994204%2C%22model_selection_logic%22%3A3%7D","https://down-id.img.susercontent.com/file/id-11134207-822wn-mn9sc7nuntoh94","CINCIN LUME CHAIN BOLD - EMAS 18K - BUNGA TANJUNG GOLD","6.174.000","Pilih Lokal","4.9 Penilaian Toko",""
"https://shopee.co.id/CINCIN-GEOMETRIC-SERPENT-BOLD-EMAS-18K-BUNGA-TANJUNG-GOLD-i.48895190.50309103467?extraParams=%7B%22display_model_id%22%3A345806850852%2C%22model_selection_logic%22%3A3%7D","https://down-id.img.susercontent.com/file/id-11134207-822wn-mn8gftliq7t154","CINCIN GEOMETRIC SERPENT BOLD - EMAS 18K - BUNGA TANJUNG GOLD","5.292.000","Pilih Lokal","4.9 Penilaian Toko",""
"https://shopee.co.id/CINCIN-GEOMETRI-SLIM-BLINK-EMAS-17K-BUNGA-TANJUNG-GOLD-i.48895190.44210442775?extraParams=%7B%22display_model_id%22%3A265878780500%2C%22model_selection_logic%22%3A3%7D","https://down-id.img.susercontent.com/file/id-11134207-822wo-mlxbpyavrpc13a","CINCIN GEOMETRI SLIM BLINK - EMAS 17K - BUNGA TANJUNG GOLD","4.284.000","Pilih Lokal","4.9 Penilaian Toko",""
"https://shopee.co.id/CINCIN-HAZEL-GLOW-BOLD-EMAS-18K-BUNGA-TANJUNG-GOLD-i.48895190.49359169515?extraParams=%7B%22display_model_id%22%3A330810926034%2C%22model_selection_logic%22%3A3%7D","https://down-id.img.susercontent.com/file/id-11134207-822wt-mn9rukmy14p0c5","CINCIN HAZEL GLOW BOLD - EMAS 18K - BUNGA TANJUNG GOLD","4.032.000","Pilih Lokal","4.9 Penilaian Toko",""
"https://shopee.co.id/CINCIN-CHARLOTTE-UNLIMITED-SHIMMER-WAVE-EMAS-17K-BUNGA-TANJUNG-GOLD-i.48895190.51457150920?extraParams=%7B%22display_model_id%22%3A440637616330%2C%22model_selection_logic%22%3A3%7D","https://down-id.img.susercontent.com/file/id-11134207-822wq-mlrfpfchdam8b9","CINCIN CHARLOTTE UNLIMITED SHIMMER WAVE - EMAS 17K - BUNGA TANJUNG GOLD","4.748.000","Pilih Lokal","5.0","1 terjual"
"https://shopee.co.id/CINCIN-NOT-BALOK-BLINK-EMAS-17K-BUNGA-TANJUNG-GOLD-i.48895190.43262628579?extraParams=%7B%22display_model_id%22%3A276059453341%2C%22model_selection_logic%22%3A3%7D","https://down-id.img.susercontent.com/file/id-11134207-8224y-mkutvzupphxe32","CINCIN NOT BALOK BLINK - EMAS 17K - BUNGA TANJUNG GOLD","4.536.000","Pilih Lokal","5.0","2 terjual"
"https://shopee.co.id/CINCIN-TINJU-DAZORIA-BOLD-EMAS-18K-BUNGA-TANJUNG-GOLD-i.48895190.41957178861?extraParams=%7B%22display_model_id%22%3A400806433620%2C%22model_selection_logic%22%3A3%7D","https://down-id.img.susercontent.com/file/id-11134207-822wi-mnawvuor71ty80","CINCIN TINJU DAZORIA BOLD - EMAS 18K - BUNGA TANJUNG GOLD","5.544.000","Pilih Lokal","4.9 Penilaian Toko",""
"https://shopee.co.id/CINCIN-OVAL-ARSIR-A-EMAS-17K-BUNGA-TANJUNG-GOLD-i.48895190.40209094334?extraParams=%7B%22display_model_id%22%3A275761610148%2C%22model_selection_logic%22%3A3%7D","https://down-id.img.susercontent.com/file/id-11134207-8224s-mkvxmlhga5tsa0","CINCIN OVAL ARSIR A - EMAS 17K - BUNGA TANJUNG GOLD","5.292.000","Pilih Lokal","5.0","2 terjual"
"https://shopee.co.id/CINCIN-3-LAYER-ARSIR-RAINBOW-EMAS-17K-BUNGA-TANJUNG-GOLD-i.48895190.43010371477?extraParams=%7B%22display_model_id%22%3A290871632766%2C%22model_selection_logic%22%3A3%7D","https://down-id.img.susercontent.com/file/id-11134207-8224r-mkuhjt89dloi8e","CINCIN 3 LAYER ARSIR RAINBOW - EMAS 17K - BUNGA TANJUNG GOLD","6.552.000","Pilih Lokal","5.0","3 terjual"
"https://shopee.co.id/CINCIN-HATI-LOVE-CHAIN-EMAS-17K-BUNGA-TANJUNG-GOLD-i.48895190.13217435930?extraParams=%7B%22display_model_id%22%3A212592761507%2C%22model_selection_logic%22%3A3%7D","https://down-id.img.susercontent.com/file/id-11134207-8224s-mkubk0j792is86","CINCIN HATI LOVE CHAIN - EMAS 17K - BUNGA TANJUNG GOLD","6.048.000","Pilih Lokal","4.9","37 terjual"
"https://shopee.co.id/CINCIN-FATHIRA-HALA-GOLD-EMAS-18K-BUNGA-TANJUNG-GOLD-i.48895190.27783476741?extraParams=%7B%22display_model_id%22%3A138301893057%2C%22model_selection_logic%22%3A3%7D","https://down-id.img.susercontent.com/file/id-11134207-8224s-mkus02alk16t1f","CINCIN FATHIRA - HALA GOLD - EMAS 18K - BUNGA TANJUNG GOLD","8.190.000","Pilih Lokal","5.0","3 terjual"
"https://shopee.co.id/CINCIN-GOLDEN-LOVE-STORY-SERIES-SDW-GOLD-EMAS-18K-BUNGA-TANJUNG-GOLD-i.48895190.26867600335?extraParams=%7B%22display_model_id%22%3A197975454658%2C%22model_selection_logic%22%3A3%7D","https://down-id.img.susercontent.com/file/id-11134207-8224r-mktaj7yn6ewzc6","CINCIN GOLDEN LOVE STORY SERIES - SDW GOLD - EMAS 18K - BUNGA TANJUNG GOLD","4.284.000","Pilih Lokal","5.0","14 terjual"
"https://shopee.co.id/CINCIN-SEGITIGA-POLOS-ARSIR-EMAS-17K-BUNGA-TANJUNG-GOLD-i.48895190.29540272811?extraParams=%7B%22display_model_id%22%3A306181707819%2C%22model_selection_logic%22%3A3%7D","https://down-id.img.susercontent.com/file/id-11134207-8224x-mkvx58qgrfnka1","CINCIN SEGITIGA POLOS ARSIR - EMAS 17K - BUNGA TANJUNG GOLD","9.954.000","Pilih Lokal","5.0","2 terjual"
"https://shopee.co.id/CINCIN-ALUN-SERIES-HALA-GOLD-EMAS-18K-BUNGA-TANJUNG-GOLD-i.48895190.23823672589?extraParams=%7B%22display_model_id%22%3A297252526303%2C%22model_selection_logic%22%3A3%7D","https://down-id.img.susercontent.com/file/id-11134207-822wu-mlym80u85b7k27","CINCIN ALUN SERIES - HALA GOLD - EMAS 18K - BUNGA TANJUNG GOLD","7.313.000","Pilih Lokal","4.9","358 terjual"