nama_produk,harga,lokasi,rating,terjual
GELANG TALI BUNGA SAKURA CHARM - EMAS 23K - BUNGA TANJUNG GOLD,708.000,Pilih Lokal,4.7,52 terjual
GELANG CLASSIC KOREA TWIST SUPER RINGAN - EMAS 17K - BUNGA TANJUNG GOLD,1.167.000,Pilih Lokal,4.9,1RB+ terjual
GELANG TRIXIE HOLLOW - EMAS 17K - BUNGA TANJUNG GOLD,1.167.000,Pilih Lokal,4.9,2RB+ terjual
GELANG PAPERCLIP VARIASI - EMAS 17K - BUNGA TANJUNG GOLD,2.772.000,Pilih Lokal,4.9,306 terjual
GELANG CLOVER RAINBOW C LY - EMAS 17K - BUNGA TANJUNG GOLD,10.539.000,618 terjual,4.9,
GELANG TALI PIXIU PI XIU CHARM DRAGON - EMAS 23K - BUNGA TANJUNG GOLD,542.000,Pilih Lokal,4.9,2RB+ terjual
GELANG HERME BELL - EMAS 17K - BUNGA TANJUNG GOLD,3.424.000,Pilih Lokal,4.9,4RB+ terjual
EXTENDER - RANTAI EXTENTION KALUNG GELANG - EMAS 17K - BUNGA TANJUNG GOLD,1.050.000,Pilih Lokal,4.9,952 terjual
GELANG CLOVER FLOWER - EMAS 17K - BUNGA TANJUNG GOLD,3.677.000,910 terjual,4.9,
GELANG TALI WILLOW LEAF DAUN BLINK - EMAS 17K - BUNGA TANJUNG GOLD,1.064.000,Pilih Lokal,5.0,431 terjual
GELANG TALI BUNGA MAWAR CHARM A - EMAS 23K - BUNGA TANJUNG GOLD,712.000,Pilih Lokal,4.9,232 terjual
GELANG SERUT CLOVER G - EMAS 17K - BUNGA TANJUNG GOLD,6.086.000,Pilih Lokal,4.9,133 terjual
GELANG CHARLOTTE GOLD LARGE - EMAS 17K - BUNGA TANJUNG GOLD,6.664.000,Pilih Lokal,4.9,134 terjual
GELANG CHARLOTTE UNLIMITED SHIMMER - EMAS 17K - BUNGA TANJUNG GOLD,16.146.000,Pilih Lokal,4.9,71 terjual
GELANG WILLOW LEAF DAUN - EMAS 17K - BUNGA TANJUNG GOLD,9.172.000,Pilih Lokal,4.9,349 terjual
GELANG LUXURY RINGAN - EMAS 17K - BUNGA TANJUNG GOLD,4.481.000,Pilih Lokal,4.8,2RB+ terjual
GELANG SERUT CLOVER ARSIR BUNGA - EMAS 17K - BUNGA TANJUNG GOLD,7.434.000,Pilih Lokal,4.5,46 terjual
GELANG GOLDEN LOVE D SERIES - SDW GOLD - EMAS 18K BUNGA TANJUNG GOLD,10.121.000,56 terjual,4.9,
GELANG FIGARO SUPER RINGAN - EMAS 17K - BUNGA TANJUNG GOLD,1.764.000,Pilih Lokal,4.9,1RB+ terjual
GELANG PAKU BERAT RINGAN - EMAS 17K - BUNGA TANJUNG GOLD,7.434.000,Pilih Lokal,4.9,287 terjual
GELANG CHARLOTTE GOLD SUPER RINGAN - EMAS 17K - BUNGA TANJUNG GOLD,4.022.000,Pilih Lokal,4.8,698 terjual
GELANG BOBBA BUBBLE POP - EMAS 17K - BUNGA TANJUNG GOLD,5.922.000,Pilih Lokal,4.9,483 terjual
GELANG SERUT CLOVER ARSIR - EMAS 17K - BUNGA TANJUNG GOLD,7.700.000,84 terjual,4.9,
GELANG CLOVER J - EMAS 17K - BUNGA TANJUNG GOLD,6.210.000,Pilih Lokal,5.0,34 terjual
GELANG BANGLE CLOVER G - EMAS 17K - BUNGA TANJUNG GOLD,5.713.000,Pilih Lokal,4.9,53 terjual
GELANG FANCY LOOP CHAIN - EMAS 17K - BUNGA TANJUNG GOLD,3.347.000,31 terjual,5.0,
GELANG SISIK NAGA VARIASI BELL - EMAS 17K - BUNGA TANJUNG GOLD,2.646.000,Pilih Lokal,4.9,69 terjual
GELANG PAKU - EMAS 17K - BUNGA TANJUNG GOLD,19.908.000,Pilih Lokal,4.9,245 terjual
GELANG BANGLE KIPAS BLINK BS - EMAS 17K - BUNGA TANJUNG GOLD,12.978.000,Pilih Lokal,5.0,9 terjual
GELANG LUXURY CHAIN VARIASI - EMAS 17K - BUNGA TANJUNG GOLD,9.954.000,Pilih Lokal,4.9,489 terjual
GELANG BANGLE SHIMMER - EMAS 17K - BUNGA TANJUNG GOLD,15.898.000,Pilih Lokal,4.9,73 terjual
GELANG FANIA TWIN LAYER KUPU - EMAS 18K - BUNGA TANJUNG GOLD,10.710.000,,4.9 Penilaian Toko,
GELANG CLOVER ARSIR CA - EMAS 17K - BUNGA TANJUNG GOLD,26.827.000,,4.9 Penilaian Toko,
GELANG BANGLE ULAR - EMAS 17K - BUNGA TANJUNG GOLD,17.140.000,Pilih Lokal,4.8,98 terjual
GELANG EMAS OSCANO SHIMMER 2 LAYER - EMAS 17K - BUNGA TANJUNG GOLD,3.024.000,Pilih Lokal,5.0,322 terjual
GELANG CLOVER RAINBOW ARSIR LY - EMAS 17K - BUNGA TANJUNG GOLD,28.404.000,Pilih Lokal,5.0,38 terjual
GELANG MILANO SWEETIE LOVE PINKY - EMAS 17K - BUNGA TANJUNG GOLD,15.401.000,Pilih Lokal,4.9,37 terjual
GELANG TINJU BOLA PASIR B - EMAS 17K - BUNGA TANJUNG GOLD,18.354.000,Pilih Lokal,5.0,1 terjual
GELANG SERUT CLOVER A - EMAS 17K - BUNGA TANJUNG GOLD,4.032.000,21 terjual,5.0,
GELANG FASHION CLOVER ARSIR MATA - EMAS 17K - BUNGA TANJUNG GOLD,31.940.000,,4.9 Penilaian Toko,
GELANG 2 LAYER - EMAS 17K - BUNGA TANJUNG GOLD,4.788.000,Pilih Lokal,4.9,530 terjual
GELANG CHARMEE MILANO POLOS - EMAS 17K - BUNGA TANJUNG GOLD,1.838.000,Pilih Lokal,4.9,88 terjual
GELANG SERUT TYLA TETES AIR A - EMAS 17K - BUNGA TANJUNG GOLD,3.993.000,Pilih Lokal,5.0,33 terjual
GELANG HOLLOW RANTAI KEPANG - EMAS 17K - BUNGA TANJUNG GOLD,8.190.000,Pilih Lokal,4.8,100 terjual
GELANG SERUT SISIK NAGA - EMAS 17K - BUNGA TANJUNG GOLD,7.949.000,Pilih Lokal,4.9,117 terjual
GELANG BANGLE HOLLOW PAPERCLIP A - EMAS 17K - BUNGA TANJUNG GOLD,38.019.000,Pilih Lokal,4.9 Penilaian Toko,
GELANG CLOVER PITA HATI VARIASI - EMAS 17K - BUNGA TANJUNG GOLD,29.484.000,Pilih Lokal,5.0,6 terjual
GELANG DISNEY MICKEY MINNIE 2 LAYER - EMAS 17K - BUNGA TANJUNG GOLD,14.956.000,1 terjual,5.0,
GELANG BANGLE HATI SOLITAIRE - EMAS 17K -BUNGA TANJUNG GOLD,11.012.000,Pilih Lokal,4.9 Penilaian Toko,
GELANG PAPERCLIP KIARA VARIASI - EMAS 17K - BUNGA TANJUNG GOLD,5.506.000,Pilih Lokal,5.0,5 terjual
GELANG SERUT MOLLY INISIAL - EMAS 17K - BUNGA TANJUNG GOLD,3.276.000,,4.9 Penilaian Toko,
GELANG MEGUMI SUPER ELASTIS - EMAS 17K - BUNGA TANJUNG GOLD,5.418.000,Pilih Lokal,4.8,324 terjual
GELANG SERUT FASHION KATAK A - EMAS 17K - BUNGA TANJUNG GOLD,12.323.000,Pilih Lokal,4.9 Penilaian Toko,
GELANG GOLDEN LOVE B SERIES - SDW GOLD - EMAS 18K BUNGA TANJUNG GOLD,15.120.000,Pilih Lokal,4.9,213 terjual
GELANG SERUT CLOVER C - EMAS 17K - BUNGA TANJUNG GOLD,6.334.000,91 terjual,4.9,
GELANG SERUT DISNEY MICKEY - EMAS 17K - BUNGA TANJUNG GOLD,6.300.000,5 terjual,5.0,
CINCIN RABBIT - EMAS 17K - BUNGA TANJUNG GOLD,2.142.000,Pilih Lokal,4.9,83 terjual
GELANG PAPERCLIP 2 LAYER - EMAS 17K - BUNGA TANJUNG GOLD,6.941.000,Pilih Lokal,4.8,90 terjual
GELANG GOLDEN LOVE SERIES - SDW GOLD - EMAS 18K BUNGA TANJUNG GOLD,5.670.000,Pilih Lokal,4.9,429 terjual
GELANG KEPANG SHIMMER ARSIR E - EMAS 17K - BUNGA TANJUNG GOLD,27.324.000,Pilih Lokal,4.9 Penilaian Toko,
GELANG ARESO - EMAS 17K - BUNGA TANJUNG GOLD,3.906.000,Pilih Lokal,4.9,637 terjual
GELANG CHOKER KEPANG C - EMAS 17K - BUNGA TANJUNG GOLD,10.144.000,Pilih Lokal,4.9 Penilaian Toko,
GELANG BANGLE HATI MATA D - EMAS 17K - BUNGA TANJUNG GOLD,17.174.000,Pilih Lokal,4.9 Penilaian Toko,
GELANG RANTAI BEZEL SUPER RINGAN - EMAS 17K - BUNGA TANJUNG GOLD,2.732.000,Pilih Lokal,4.7,40 terjual
GELANG MAGNETICA - HALA GOLD - EMAS 18K - BUNGA TANJUNG,12.370.000,68 terjual,4.9,
GELANG HOLLOW TOOGLE FLOWER HATI WT - EMAS 17K - BUNGA TANJUNG GOLD,23.336.000,Pilih Lokal,4.9 Penilaian Toko,
GELANG BANGLE CLOVER C - EMAS 17K - BUNGA TANJUNG GOLD,10.836.000,Pilih Lokal,4.9,19 terjual
GELANG BANGLE POLOS - EMAS 17K - BUNGA TANJUNG GOLD,11.466.000,Pilih Lokal,4.8,240 terjual
GELANG KIDS ANAK SISIK NAGA PLAT B - EMAS 17K - BUNGA TANJUNG GOLD,12.848.000,Pilih Lokal,4.9 Penilaian Toko,
GELANG TAMBANG LILIT - EMAS 17K - BUNGA TANJUNG GOLD,20.160.000,Pilih Lokal,5.0,18 terjual
GELANG BOBBA BARONGSAI SWEET KH - EMAS 17K - BUNGA TANJUNG GOLD,22.604.000,62 terjual,4.9,
GELANG KIPAS TWIN LAYER - EMAS 17K - BUNGA TANJUNG GOLD,10.805.000,Pilih Lokal,4.9 Penilaian Toko,
GELANG FLOWER KUMBANG WT - EMAS 17K - BUNGA TANJUNG GOLD,12.745.000,Pilih Lokal,4.9 Penilaian Toko,
GELANG CHOKER KEPANG A - EMAS 17K - BUNGA TANJUNG GOLD,12.245.000,Pilih Lokal,4.8,40 terjual
GELANG LUXURY CHAIN ARSIR - EMAS 17K - BUNGA TANJUNG GOLD,9.828.000,Pilih Lokal,4.8,69 terjual
GELANG SERUT PAPERCLIP - EMAS 17K - BUNGA TANJUNG GOLD,2.772.000,Pilih Lokal,5.0,148 terjual
GELANG  CHARLOTTE UNLIMITED SHIMMER - EMAS 17K - BUNGA TANJUNG GOLD,10.164.000,Pilih Lokal,5.0,11 terjual
GELANG HERME KUNCI GEMBOK B - EMAS 17K - BUNGA TANJUNG GOLD,8.073.000,Pilih Lokal,4.9,43 terjual
GELANG ROSARIO ARSIR - EMAS 17K - BUNGA TANJUNG GOLD,11.340.000,Pilih Lokal,4.8,10 terjual
GELANG BOLA SHIMMER WARNA - EMAS 17K - BUNGA TANJUNG GOLD,22.943.000,Pilih Lokal,4.9 Penilaian Toko,
GELANG BANGLE CLOVER A - EMAS 17K - BUNGA TANJUNG GOLD,6.552.000,Pilih Lokal,4.9,17 terjual
GELANG CHARLOTTE SHIMMER - EMAS 17 K - BUNGA TANJUNG GOLD,23.598.000,Pilih Lokal,5.0,3 terjual
GELANG TALI SEE THE LIGHT - EMAS 17K - BUNGA TANJUNG GOLD,1.008.000,12 terjual,5.0,
GELANG BANGLE LAYER TINE KUPU KUPU - EMAS 17K - BUNGA TANJUNG GOLD,12.323.000,Pilih Lokal,5.0,1 terjual
GELANG BANGLE TWIN T BLINK - EMAS 17K - BUNGA TANJUNG GOLD,11.923.000,Pilih Lokal,4.9,84 terjual
GELANG EMAS KIARA TWIST - EMAS 17K - BUNGA TANJUNG GOLD,2.484.000,Pilih Lokal,4.9,95 terjual
GELANG VAR 68 - EMAS 17K - BUNGA TANJUNG GOLD,10.801.500,1 terjual,5.0,
GELANG VAR 59 - EMAS 17K - BUNGA TANJUNG GOLD,11.632.750,,4.9 Penilaian Toko,
GELANG ZEFIA BLOOM D - EMAS 17K - BUNGA TANJUNG GOLD,9.191.000,Pilih Lokal,5.0,1 terjual
GELANG BANGLE POLKADOT - EMAS 17K - BUNGA TANJUNG GOLD,13.910.000,Pilih Lokal,4.9 Penilaian Toko,
GELANG BANGLE WIRE POLOS - EMAS 17K - BUNGA TANJUNG GOLD,10.805.000,Pilih Lokal,5.0,1 terjual
GELANG REFLECTA FANIA LOVELY DAY - EMAS 18K - BUNGA TANJUNG GOLD,6.174.000,,4.9 Penilaian Toko,
GELANG SERUT ULAR B - EMAS 17K - BUNGA TANJUNG GOLD,5.713.000,Pilih Lokal,5.0,5 terjual
GELANG SNOWBALL VARIASI - EMAS 17K - BUNGA TANJUNG GOLD,2.772.000,Pilih Lokal,5.0,384 terjual
GELANG EMAS OSCANO SHIMMER - EMAS 17K - BUNGA TANJUNG GOLD,1.406.000,Pilih Lokal,4.9,285 terjual
GELANG SISIK NAGA KH - EMAS 17K - BUNGA TANJUNG GOLD,31.595.000,Pilih Lokal,4.9 Penilaian Toko,
GELANG BANGLE POLOS RABBIT - EMAS 17K - BUNGA TANJUNG GOLD,13.395.000,Pilih Lokal,4.9 Penilaian Toko,
GELANG BANGLE DAISA BLINK - EMAS 17K - BUNGA TANJUNG GOLD,7.211.000,Pilih Lokal,5.0,1 terjual
GELANG RANTAI DIVA KIPAS BLINK BS - EMAS 17K - BUNGA TANJUNG GOLD,18.009.000,Pilih Lokal,5.0,38 terjual
GELANG SUPER FLAT 2 WARNA BOLAK BALIK - EMAS 17K - BUNGA TANJUNG GOLD,7.938.000,Pilih Lokal,5.0,351 terjual
GELANG SERUT WILLOW LEAF DAUN - EMAS 17K - BUNGA TANJUNG GOLD,8.321.000,Pilih Lokal,5.0,97 terjual
GELANG CHOKER VARIASI D - EMAS 17K - BUNGA TANJUNG GOLD,12.420.000,Pilih Lokal,5.0,40 terjual
GELANG VAR 60 - EMAS 17K - BUNGA TANJUNG GOLD,10.564.950,,4.9 Penilaian Toko,
GELANG BANGLE KIDS ANAK LOTSO - EMAS 17K - BUNGA TANJUNG GOLD,4.347.000,,4.9 Penilaian Toko,
GELANG BANGLE WILLOW LEAF DAUN SHIMMER B - EMAS 17K - BUNGA TANJUNG GOLD,13.897.000,Pilih Lokal,5.0,4 terjual
GELANG LAYER CHOKER SHIMMER A KH - EMAS 17K - BUNGA TANJUNG GOLD,19.796.000,Pilih Lokal,4.9 Penilaian Toko,
GELANG RUMBAI PITA LOVE - EMAS 17K - BUNGA TANJUNG GOLD,10.681.000,Pilih Lokal,4.9 Penilaian Toko,
GELANG SERUT HERME - EMAS 17K - BUNGA TANJUNG GOLD,5.922.000,Pilih Lokal,4.9,376 terjual
GELANG BANGLE TINJU HATI - EMAS 17K - BUNGA TANJUNG GOLD,10.488.000,Pilih Lokal,5.0,1 terjual
GELANG SERUT CLOVER HOLLOW - EMAS 17K - BUNGA TANJUNG GOLD,9.702.000,79 terjual,5.0,
GELANG BANGLE CLOVER B - EMAS 17K - BUNGA TANJUNG GOLD,8.942.000,Pilih Lokal,4.9,44 terjual
GELANG KIDS ANAK HELLO KITTY A - EMAS 17K - BUNGA TANJUNG GOLD,5.092.000,,4.9 Penilaian Toko,
CINCIN HAYLEY HEART - EMAS 17K - BUNGA TANJUNG GOLD,1.638.000,Pilih Lokal,5.0,73 terjual
GELANG SERUT 2 LAYER SANTA BOLA VARIASI - EMAS 17K - BUNGA TANJUNG GOLD,10.206.000,Pilih Lokal,5.0,17 terjual
GELANG LAYER CHOKER SHIMMER E KH - EMAS 17K - BUNGA TANJUNG GOLD,18.616.000,Pilih Lokal,4.9 Penilaian Toko,
GELANG SERUT PLAT - EMAS 17K - BUNGA TANJUNG GOLD,6.904.000,Pilih Lokal,4.9,466 terjual
GELANG VAR 71 - EMAS 17K - BUNGA TANJUNG GOLD,11.989.000,,4.9 Penilaian Toko,
GELANG PAPERCLIP TWIN LAYER KUSANO - EMAS 17K - BUNGA TANJUNG GOLD,11.675.000,Pilih Lokal,4.9 Penilaian Toko,
GELANG BANGLE BAMBU PITA - EMAS 17K - BUNGA TANJUNG GOLD,14.290.000,Pilih Lokal,4.9 Penilaian Toko,
GELANG GOLDEN LOVE MELTS B - SDW GOLD - EMAS 18K BUNGA TANJUNG GOLD,10.584.000,Pilih Lokal,4.9,27 terjual
GELANG BANGLE WAVE ULAR - EMAS 17K - BUNGA TANJUNG GOLD,15.732.000,Pilih Lokal,4.9 Penilaian Toko,
GELANG BANGLE TWIN T POLOS - EMAS 17K - BUNGA TANJUNG GOLD,11.054.000,Pilih Lokal,4.9,75 terjual
GELANG BANGLE DANIA - EMAS 17K - BUNGA TANJUNG GOLD,15.244.000,,4.9 Penilaian Toko,
GELANG FLORA CHAIN BOLD - EMAS 18K - BUNGA TANJUNG GOLD,6.778.000,Pilih Lokal,5.0,2 terjual
GELANG SUPER FLAT LILIT PAPERCLIP FLOWER - EMAS 17K - BUNGA TANJUNG GOLD,13.165.000,Pilih Lokal,5.0,1 terjual
GELANG BANGLE HATI MATA B - EMAS 17K - BUNGA TANJUNG GOLD,13.766.000,Pilih Lokal,5.0,2 terjual
GELANG SWEET FLOWER - EMAS 17K - BUNGA TANJUNG GOLD,18.118.000,,4.9 Penilaian Toko,
GELANG BANGLE TINJU TUBE BOLD - EMAS 18K - BUNGA TANJUNG GOLD,17.293.000,Pilih Lokal,4.9 Penilaian Toko,
GELANG BANGLE CLOVER LISTRING E - EMAS 17K - BUNGA TANJUNG GOLD,16.125.000,Pilih Lokal,4.9 Penilaian Toko,
GELANG SOLENE DJUJU FLOWER - SYIFA HADJU - EMAS 17K - BUNGA TANJUNG GOLD,10.184.000,Pilih Lokal,4.9 Penilaian Toko,
GELANG SERUT PAPERCLIP B - EMAS 17K - BUNGA TANJUNG GOLD,11.835.000,Pilih Lokal,5.0,4 terjual
GELANG CLOVER PLAT  - EMAS 17K - BUNGA TANJUNG GOLD,17.136.000,Pilih Lokal,5.0,10 terjual
GELANG BANGLE ZEFIA BLOOM C - EMAS 17K - BUNGA TANJUNG GOLD,20.245.000,Pilih Lokal,4.9 Penilaian Toko,
GELANG PAPERCLIP PIPIH RUMBAI PITA - EMAS 17K - BUNGA TANJUNG GOLD,21.238.000,Pilih Lokal,4.9 Penilaian Toko,
GELANG SISIK NAGA PLAT VARIASI A - EMAS 17K - BUNGA TANJUNG GOLD,11.537.000,Pilih Lokal,4.9 Penilaian Toko,
GELANG FASHION PAKU SPIRAL B - EMAS 17K - BUNGA TANJUNG GOLD,24.516.000,Pilih Lokal,4.9 Penilaian Toko,
GELANG PITA BOBBA BUBBLE POP E - EMAS 17K - BUNGA TANJUNG GOLD,17.830.000,Pilih Lokal,5.0,2 terjual
GELANG RANTAI HATI KIARA BLINK - EMAS 17K - BUNGA TANJUNG GOLD,12.848.000,Pilih Lokal,4.9 Penilaian Toko,
GELANG VAR 55 - EMAS 17K - BUNGA TANJUNG GOLD,11.157.750,Pilih Lokal,4.9 Penilaian Toko,
GELANG CHOKER KEPANG B - EMAS 17K - BUNGA TANJUNG GOLD,12.852.000,Pilih Lokal,5.0,5 terjual
GELANG BANGLE TETES BOLD - EMAS 18K - BUNGA TANJUNG GOLD,36.628.000,Pilih Lokal,4.9 Penilaian Toko,
GELANG BANGLE LISTRING LAYER D - EMAS 17K - BUNGA TANJUNG GOLD,19.010.000,Pilih Lokal,4.9 Penilaian Toko,
GELANG KIDS ANAK DISNEY MICKEY D - EMAS 17K - BUNGA TANJUNG GOLD,5.244.000,,4.9 Penilaian Toko,
GELANG REFLECTA PAPERCLIP FANIA CUBETTI - EMAS 18K - BUNGA TANJUNG GOLD,15.372.000,,4.9 Penilaian Toko,
KALUNG ROSARIO ARSIR - EMAS 17K - BUNGA TANJUNG GOLD,18.396.000,Pilih Lokal,4.9 Penilaian Toko,
GELANG TINJU COSTAL WAVE BOLD - EMAS 18K - BUNGA TANJUNG GOLD,13.910.000,Pilih Lokal,4.9 Penilaian Toko,
GELANG NEW ARRIVAL 20 - EMAS 17K - BUNGA TANJUNG GOLD,17.140.000,Pilih Lokal,4.9 Penilaian Toko,
GELANG NEW ARRIVAL 11 - EMAS 17K - BUNGA TANJUNG GOLD,18.382.000,,4.9 Penilaian Toko,
GELANG REFLECTA FANIA LEAF - EMAS 18K - BUNGA TANJUNG GOLD,13.482.000,,4.9 Penilaian Toko,
GELANG SERUT CLOVER M - EMAS 17K - BUNGA TANJUNG GOLD,6.210.000,Pilih Lokal,4.7,43 terjual
GELANG BANGLE SHIMMER C -  EMAS 17K - BUNGA TANJUNG GOLD,21.896.000,Pilih Lokal,5.0,1 terjual
GELANG RUMBAI LOVELY SHIMMER - EMAS 17K - BUNGA TANJUNG GOLD,13.372.000,Pilih Lokal,5.0,1 terjual
GELANG FASHION PAPERCLIP VARIASI TAS - EMAS 17K - BUNGA TANJUNG GOLD,30.022.000,Pilih Lokal,5.0,2 terjual
GELANG BANGLE KIANA THREE LAYER - EMAS 17K - BUNGA TANJUNG GOLD,21.362.000,,4.9 Penilaian Toko,
GELANG HERME RUMBAI FLOWER HATI KH - EMAS 17K - BUNGA TANJUNG GOLD,22.549.000,Pilih Lokal,4.9 Penilaian Toko,
GELANG BANGLE SOLENE DJUJU FLOWER LEAF - SYIFA HADJU - EMAS 17K - BUNGA TANJUNG GOLD,14.656.000,Pilih Lokal,4.9 Penilaian Toko,
GELANG BANGLE SIMPUL B - EMAS 17K - BUNGA TANJUNG GOLD,24.385.000,Pilih Lokal,5.0,2 terjual
GELANG BANGLE ULAR B - EMAS 17K - BUNGA TANJUNG GOLD,23.195.000,Pilih Lokal,5.0,1 terjual
GELANG BOBBA CLOVER BLINK - EMAS 17K - BUNGA TANJUNG GOLD,13.786.000,Pilih Lokal,4.9 Penilaian Toko,
GELANG PAPERCLIP ARSIR E - EMAS 17K - BUNGA TANJUNG GOLD,22.549.000,Pilih Lokal,4.9 Penilaian Toko,
GELANG BANGLE KIARA WAVE - EMAS 17K - BUNGA TANJUNG GOLD,11.275.000,Pilih Lokal,4.9 Penilaian Toko,
GELANG BANGLE LUXURY A BOLD - EMAS 18K - BUNGA TANJUNG GOLD,18.754.000,Pilih Lokal,4.9 Penilaian Toko,
GELANG BANGLE KIANA PRSM - EMAS 17K - BUNGA TANJUNG GOLD,14.904.000,Pilih Lokal,4.9 Penilaian Toko,
GELANG PAPERCLIP VARIASI KUNCI GEMBOK - EMAS 17K - BUNGA TANJUNG GOLD,24.948.000,Pilih Lokal,5.0,5 terjual
GELANG PAKU B - EMAS 17K - BUNGA TANJUNG GOLD,31.752.000,Pilih Lokal,4.9,21 terjual
GELANG BANGLE LUNAR SISIK ULAR   - EMAS 17K - BUNGA TANJUNG GOLD,15.152.000,Pilih Lokal,4.9 Penilaian Toko,
GELANG BANGLE TINJU HATI WAVE - EMAS 17K - BUNGA TANJUNG GOLD,18.743.000,Pilih Lokal,5.0,1 terjual
GELANG BANGLE WAVE MATA - EMAS 17K - BUNGA TANJUNG GOLD,13.897.000,Pilih Lokal,4.9 Penilaian Toko,
GELANG BANGLE DIVYA CHEETAH - EMAS 17K - BUNGA TANJUNG GOLD,17.567.000,Pilih Lokal,5.0,1 terjual
GELANG VAR 65 - EMAS 17K - BUNGA TANJUNG GOLD,10.801.500,Pilih Lokal,5.0,2 terjual
GELANG BANGLE KIPAS C - EMAS 17K - BUNGA TANJUNG GOLD,13.245.000,,4.9 Penilaian Toko,
GELANG SERUT HOLOGRAM PITA HATI BLINK - EMAS 17K - BUNGA TANJUNG GOLD,5.962.000,Pilih Lokal,5.0,2 terjual
GELANG BANGLE TINJU CHERYL BOLD - EMAS 18K - BUNGA TANJUNG GOLD,21.114.000,Pilih Lokal,4.9 Penilaian Toko,
GELANG BOBBA BUBBLE POP RUMBAI WARNA - EMAS 17K - BUNGA TANJUNG GOLD,10.488.000,Pilih Lokal,4.9 Penilaian Toko,
GELANG PAPERCLIP SHIMMER A - EMAS 17K - BUNGA TANJUNG GOLD,14.426.000,Pilih Lokal,5.0,2 terjual
GELANG BANGLE SEASHELL B DA-YUNG - EMAS 17K - BUNGA TANJUNG GOLD,11.426.000,Pilih Lokal,4.9 Penilaian Toko,
GELANG TINJU BOLA - EMAS 17K - BUNGA TANJUNG GOLD,11.340.000,Pilih Lokal,4.9,209 terjual
GELANG BANGLE KIANA CLASSIC BLINK - EMAS 17K - BUNGA TANJUNG GOLD,10.184.000,Pilih Lokal,4.9 Penilaian Toko,
GELANG BANGLE KIARA WAVE BUBBLE BLINK - EMAS 17K - BUNGA TANJUNG GOLD,11.799.000,Pilih Lokal,4.9 Penilaian Toko,
GELANG LUXURY CHAIN VARIASI PITA B - EMAS 17K - BUNGA TANJUNG GOLD,24.601.000,Pilih Lokal,4.9 Penilaian Toko,
GELANG LISTRING SISIK NAGA - EMAS 17K - BUNGA TANJUNG GOLD,17.961.000,Pilih Lokal,5.0,2 terjual
GELANG BANGLE UNLIMITED RAINBOW SQUARE - EMAS 17K - BUNGA TANJUNG GOLD,11.799.000,Pilih Lokal,5.0,2 terjual
GELANG SERUT CLOVER BOBBA - EMAS 17K - BUNGA TANJUNG GOLD,7.605.000,Pilih Lokal,5.0,28 terjual
GELANG BANGLE SHIMMER D - EMAS 17K - BUNGA TANJUNG GOLD,16.394.000,Pilih Lokal,4.9 Penilaian Toko,
GELANG BANGLE WAVE BLINK A -  EMAS 17K - BUNGA TANJUNG GOLD,10.805.000,Pilih Lokal,4.9 Penilaian Toko,
GELANG NEW ARRIVAL 1 - EMAS 17K - BUNGA TANJUNG GOLD,15.898.000,Pilih Lokal,4.9 Penilaian Toko,
GELANG BANGLE BUNGA BLINK - EMAS 17K - BUNGA TANJUNG GOLD,18.092.000,Pilih Lokal,4.9 Penilaian Toko,
GELANG REFLECTA SERUT FANIA CUBETTI - EMAS 18K - BUNGA TANJUNG GOLD,15.750.000,,4.9 Penilaian Toko,
GELANG SISIK NAGA HATI E - EMAS 17K - BUNGA TANJUNG GOLD,14.616.000,Pilih Lokal,4.7,7 terjual
GELANG RUMBAI LOCK LOVE PITA - EMAS 17K - BUNGA TANJUNG GOLD,10.184.000,Pilih Lokal,4.9 Penilaian Toko,
GELANG WILLOW LEAF DAUN CLOVER ARSIR - EMAS 17K - BUNGA TANJUNG GOLD,14.159.000,,4.9 Penilaian Toko,
GELANG WILLOW LEAF CLOVER ARSIR - EMAS 17K - BUNGA TANJUNG GOLD,14.159.000,Pilih Lokal,4.9 Penilaian Toko,
GELANG SUPER FLAT X CLOVER HITAM - EMAS 17K - BUNGA TANJUNG GOLD,15.401.000,3 terjual,5.0,
GELANG DISNEY HOLLOW MICKEY - EMAS 17K - BUNGA TANJUNG GOLD,31.298.000,3 terjual,5.0,
GELANG BANGLE HATI SWEETY WARNA - EMAS 17K - BUNGA TANJUNG GOLD,12.420.000,,4.9 Penilaian Toko,
GELANG PAPERCLIP FLOREA - EMAS 17K - BUNGA TANJUNG GOLD,11.668.000,Pilih Lokal,4.9 Penilaian Toko,
GELANG NEW ARRIVAL 7 - EMAS 17K - BUNGA TANJUNG GOLD,18.354.000,Pilih Lokal,4.9 Penilaian Toko,
GELANG HERME KELLY POLOS - EMAS 17K - BUNGA TANJUNG GOLD,24.822.000,Pilih Lokal,4.9,20 terjual
GELANG BANGLE UNLIMITED BUBBLE RING - EMAS 17K - BUNGA TANJUNG GOLD,28.814.000,Pilih Lokal,4.9 Penilaian Toko,
GELANG SERUT LUXURY LY - EMAS 17K - BUNGA TANJUNG GOLD,9.261.000,Pilih Lokal,4.5,2 terjual
GELANG FASHION CLOVER BUNGA 1 - EMAS 17K - BUNGA TANJUNG GOLD,12.323.000,Pilih Lokal,5.0,4 terjual
GELANG LUXURY CHAIN ARSIR B - EMAS 17K - BUNGA TANJUNG GOLD,21.487.000,Pilih Lokal,4.9 Penilaian Toko,
GELANG BANGLE ELVARA CHAIN - EMAS 17K - BUNGA TANJUNG GOLD,28.814.000,Pilih Lokal,4.9 Penilaian Toko,
GELANG BANGLE KIANA TWIST - EMAS 17K - BUNGA TANJUNG GOLD,13.910.000,Pilih Lokal,4.9 Penilaian Toko,
GELANG VAR 64 - EMAS 17K - BUNGA TANJUNG GOLD,10.564.950,Pilih Lokal,4.9 Penilaian Toko,
GELANG BANGLE KIARA UNTIR BLINK - EMAS 17K - BUNGA TANJUNG GOLD,11.426.000,Pilih Lokal,4.9 Penilaian Toko,
GELANG SERUT BOBBA KOIN SHIMMER - EMAS 17K - BUNGA TANJUNG GOLD,7.700.000,Pilih Lokal,4.9 Penilaian Toko,
GELANG LAYER CHOKER SHIMMER D KH - EMAS 17K - BUNGA TANJUNG GOLD,15.732.000,Pilih Lokal,4.9 Penilaian Toko,
GELANG BANGLE LISTRING LAYER KOTAK - EMAS 17K - BUNGA TANJUNG GOLD,16.519.000,Pilih Lokal,5.0,3 terjual
GELANG FASHION ULAR B - EMAS 17K - BUNGA TANJUNG GOLD,17.305.000,Pilih Lokal,5.0,1 terjual
GELANG IGUN BANGLE DANCING STONE - EMAS 17K - BUNGA TANJUNG GOLD,9.125.000,Pilih Lokal,5.0,3 terjual
GELANG BANGLE POLOS TEDDY BEAR PINK C - EMAS 17K - BUNGA TANJUNG GOLD,16.388.000,Pilih Lokal,4.9 Penilaian Toko,
GELANG PLAT RUMBAI KOTAK - EMAS 17K - BUNGA TANJUNG GOLD,14.421.000,Pilih Lokal,4.9 Penilaian Toko,
GELANG BANGLE LAUREL BLINK - EMAS 17K - BUNGA TANJUNG GOLD,24.095.000,,4.9 Penilaian Toko,
GELANG MILANO TEDDY BEAR PINK B - EMAS 17K - BUNGA TANJUNG GOLD,19.272.000,Pilih Lokal,4.9 Penilaian Toko,
GELANG VAR 58 - EMAS 17K - BUNGA TANJUNG GOLD,11.157.750,,4.9 Penilaian Toko,
GELANG REFLECTA PAPERCLIP FANIA STAR - EMAS 18K - BUNGA TANJUNG GOLD,11.088.000,,4.9 Penilaian Toko,
GELANG RUMBAI PITA BELL - EMAS 17K - BUNGA TANJUNG GOLD,16.394.000,Pilih Lokal,4.9 Penilaian Toko,
GELANG HATI PIPIH BOLD - EMAS 18K - BUNGA TANJUNG GOLD,8.001.000,Pilih Lokal,3.7,4 terjual
GELANG BANGLE PEARLY FLOWER - EMAS 17K - BUNGA TANJUNG GOLD,14.159.000,Pilih Lokal,4.9 Penilaian Toko,
GELANG VAR 53 - EMAS 17K - BUNGA TANJUNG GOLD,11.870.250,Pilih Lokal,4.9 Penilaian Toko,
GELANG BANGLE TINJU PRISM BOLD - EMAS 18K - BUNGA TANJUNG GOLD,49.794.000,Pilih Lokal,5.0,1 terjual
GELANG CLOVER RUMBAI MATA - EMAS 17K - BUNGA TANJUNG GOLD,5.796.000,21 terjual,4.9,
GELANG BANGLE PITA 2 LAYER BLINK  - EMAS 17K - BUNGA TANJUNG GOLD,11.799.000,Pilih Lokal,4.9 Penilaian Toko,
GELANG BANGLE SOLENE DJUJU INFINITY BLINK - SYIFA HADJU - EMAS 17K - BUNGA TANJUNG GOLD,15.898.000,Pilih Lokal,4.9 Penilaian Toko,
GELANG KUPU TWIN LAYER BLINK - EMAS 17K - BUNGA TANJUNG GOLD,30.802.000,Pilih Lokal,4.9 Penilaian Toko,
GELANG FLOWER COLOR BLOSSOM LY - EMAS 17K - BUNGA TANJUNG GOLD,25.213.000,24 terjual,4.9,
GELANG NEW ARRIVAL 18 - EMAS 17K - BUNGA TANJUNG GOLD,23.598.000,Pilih Lokal,4.9 Penilaian Toko,
GELANG UNLIMITED CLOVER ARSIR - EMAS 17K - BUNGA TANJUNG GOLD,27.324.000,,4.9 Penilaian Toko,
GELANG RANTAI RUMBAI ROYALE - EMAS 17K - BUNGA TANJUNG GOLD,11.426.000,Pilih Lokal,4.9 Penilaian Toko,
GELANG FASHION PAKU C - EMAS 17K - BUNGA TANJUNG GOLD,14.028.000,Pilih Lokal,4.5,4 terjual
GELANG BANGLE WAVE CHARLOTE - EMAS 17K - BUNGA TANJUNG GOLD,12.455.000,Pilih Lokal,5.0,1 terjual
GELANG PAPERCLIP SHIMMER B - EMAS 17K - BUNGA TANJUNG GOLD,13.662.000,Pilih Lokal,4.9 Penilaian Toko,
GELANG VAR 62 - EMAS 17K - BUNGA TANJUNG GOLD,11.514.000,Pilih Lokal,4.9 Penilaian Toko,
GELANG CHARLOTTE GOLD BLINK - EMAS 17K - BUNGA TANJUNG GOLD,17.262.000,Pilih Lokal,4.9 Penilaian Toko,
GELANG SERUT TETES ARSIR - EMAS 17K - BUNGA TANJUNG GOLD,7.473.000,Pilih Lokal,5.0,3 terjual
GELANG NEW ARRIVAL 16 - EMAS 17K - BUNGA TANJUNG GOLD,17.388.000,Pilih Lokal,4.9 Penilaian Toko,
GELANG GOLDEN CALESTIA D - EMAS 17K - BUNGA TANJUNG GOLD,21.114.000,Pilih Lokal,4.9 Penilaian Toko,
GELANG BANGLE POLOS C - EMAS 17K - BUNGA TANJUNG GOLD,30.744.000,Pilih Lokal,5.0,18 terjual
GELANG BANGLE TUBE POLOS BOLD - EMAS 18K - BUNGA TANJUNG GOLD,16.002.000,Pilih Lokal,5.0,3 terjual
GELANG BANGLE FLAT SIMPUL BLINK - EMAS 17K - BUNGA TANJUNG GOLD,43.181.000,Pilih Lokal,4.9 Penilaian Toko,
GELANG CLOVER RING - EMAS 17K - BUNGA TANJUNG GOLD,9.324.000,Pilih Lokal,4.9,15 terjual
GELANG DISNEY MICKEY MINNIE PAPERCLIP RINGAN B - EMAS 17K - BUNGA TANJUNG GOLD,15.876.000,6 terjual,5.0,
GELANG TWIN KERANCANG PRISMA BLINK - EMAS 17K - BUNGA TANJUNG GOLD,42.228.000,Pilih Lokal,4.9 Penilaian Toko,
GELANG PAPERCLIP VARIASI PITA B KH - EMAS 17K - BUNGA TANJUNG,16.146.000,Pilih Lokal,4.9 Penilaian Toko,
GELANG BANGLE UNTIR TWIN BLINK - EMAS 17K - BUNGA TANJUNG GOLD,10.930.000,Pilih Lokal,4.9 Penilaian Toko,
GELANG CHOKER ELEZTRA VARIASI PITA - EMAS 17K - BUNGA TANJUNG GOLD,9.828.000,Pilih Lokal,4.8,7 terjual
GELANG BANGLE ZEFIA BLOOM A - EMAS 17K - BUNGA TANJUNG GOLD,17.388.000,Pilih Lokal,4.9 Penilaian Toko,
GELANG BANGLE KIANA LOVELY - EMAS 17K - BUNGA TANJUNG GOLD,13.910.000,Pilih Lokal,4.9 Penilaian Toko,
GELANG VAR 52 - EMAS 17K - BUNGA TANJUNG GOLD,12.582.750,Pilih Lokal,4.9 Penilaian Toko,
GELANG PAPERCLIP ROUND LOVE B - EMAS 17K - BUNGA TANJUNG GOLD,13.165.000,Pilih Lokal,4.9 Penilaian Toko,
GELANG RADIANTZ - SDW GOLD - EMAS 18K - BUNGA TANJUNG GOLD,9.177.000,Pilih Lokal,5.0,4 terjual
GELANG CLOVER RAINBOW - EMAS 17K - BUNGA TANJUNG GOLD,5.292.000,Pilih Lokal,4.0,5 terjual
GELANG KIPAS WT - EMAS 17K - BUNGA TANJUNG GOLD,19.393.000,Pilih Lokal,5.0,1 terjual
GELANG BANGLE INFINITY SQUARE BOLD - EMAS 18K - BUNGA TANJUNG GOLD,22.108.000,Pilih Lokal,4.9 Penilaian Toko,
GELANG FASHION BOBBA BUBBLE POP D - EMAS 17K - BUNGA TANJUNG GOLD,20.583.000,Pilih Lokal,4.9 Penilaian Toko,
GELANG BOBBA LUCKY CAT KH - EMAS 17K - BUNGA TANJUNG GOLD,18.616.000,Pilih Lokal,4.9 Penilaian Toko,
GELANG BANGLE OVAL BLINK A - EMAS 17K - BUNGA TANJUNG GOLD,24.909.000,Pilih Lokal,4.9 Penilaian Toko,
GELANG BANGLE ETERNAL LATTICE BOLD - EMAS 18K - BUNGA TANJUNG GOLD,43.594.000,Pilih Lokal,4.9 Penilaian Toko,
GELANG BOBBA BUBBLE POP ARSIR VARIASI C - EMAS 17K - BUNGA TANJUNG GOLD,19.796.000,Pilih Lokal,4.9 Penilaian Toko,
GELANG BANGLE WRAP DOUBLE LAYER BOLD - EMAS 18K - BUNGA TANJUNG GOLD,26.206.000,Pilih Lokal,4.9 Penilaian Toko,
GELANG BANGLE HERME CHAIN BOLD - EMAS 18K - BUNGA TANJUNG GOLD,19.127.000,Pilih Lokal,4.9 Penilaian Toko,
GELANG SERUT SOLENE DJUJU BULAT - SYIFA HADJU - EMAS 17K - BUNGA TANJUNG GOLD,8.694.000,Pilih Lokal,4.9 Penilaian Toko,
GELANG RUMBAI BOBBA SWEETIE TAS - EMAS 17K - BUNGA TANJUNG GOLD,14.656.000,Pilih Lokal,4.9 Penilaian Toko,
GELANG RANTAI GOLD BAR - EMAS 17K - BUNGA TANJUNG GOLD,34.900.000,,4.9 Penilaian Toko,
GELANG BANGLE KIANA SHINE - EMAS 17K - BUNGA TANJUNG GOLD,15.898.000,Pilih Lokal,4.9 Penilaian Toko,
GELANG BANGLE CLOVER LISTRING LAYER B - EMAS 17K - BUNGA TANJUNG GOLD,15.649.000,Pilih Lokal,4.9 Penilaian Toko,
GELANG SERUT TETES AIR B - EMAS 17K - BUNGA TANJUNG GOLD,6.930.000,Pilih Lokal,5.0,9 terjual
GELANG BOBBA BUBBLE POP PEGASUS KH - EMAS 17K - BUNGA TANJUNG GOLD,15.732.000,Pilih Lokal,4.9 Penilaian Toko,
GELANG BANGLE ELORA PITA ROSE - EMAS 17K - BUNGA TANJUNG GOLD,10.881.000,Pilih Lokal,4.9 Penilaian Toko,
KALUNG STARDUST A  - EMAS 17K - BUNGA TANJUNG GOLD,8.442.000,Pilih Lokal,4.9 Penilaian Toko,
GELANG RANTAI STARFISH B DA-YUNG - EMAS 17K - BUNGA TANJUNG GOLD,16.256.000,Pilih Lokal,5.0,1 terjual
GELANG BANGLE TINJU DUA LAYER SQUARE BOLD - EMAS 18K - BUNGA TANJUNG GOLD,28.566.000,Pilih Lokal,4.9 Penilaian Toko,
GELANG BANGLE NARA FLOWER - EMAS 17K - BUNGA TANJUNG GOLD,15.470.000,Pilih Lokal,5.0,2 terjual
GELANG PAPERCLIP RUMBAI GEMBOK CLOVER KERANCANG - EMAS 17K - BUNGA TANJUNG GOLD,28.318.000,Pilih Lokal,5.0,1 terjual
GELANG BANGLE POLOS WAVE D - EMAS 17K - BUNGA TANJUNG GOLD,25.827.000,Pilih Lokal,5.0,1 terjual
GELANG FASHION BANGLE KEPANG VARIASI - EMAS 17K - BUNGA TANJUNG GOLD,24.516.000,Pilih Lokal,5.0,2 terjual
GELANG RANTAI FLAT GEOMETRI BLINK - EMAS 17K - BUNGA TANJUNG GOLD,74.697.000,Pilih Lokal,4.9 Penilaian Toko,
GELANG GOLDEN CALESTIA B - EMAS 17K - BUNGA TANJUNG GOLD,50.395.000,Pilih Lokal,4.9 Penilaian Toko,
GELANG CHOKER PITA VARIASI A - EMAS 17K - BUNGA TANJUNG GOLD,5.465.000,Pilih Lokal,5.0,1 terjual
GELANG BANGLE SIMPUL BOLD - EMAS 18K - BUNGA TANJUNG GOLD,14.904.000,Pilih Lokal,4.9 Penilaian Toko,
GELANG PAPERCLIP RUMBAI HATI B - EMAS 17K - BUNGA TANJUNG GOLD,19.927.000,Pilih Lokal,4.9 Penilaian Toko,
GELANG STARDUST A - EMAS 17K - BUNGA TANJUNG GOLD,10.881.000,Pilih Lokal,4.9 Penilaian Toko,
GELANG BANGLE DISCO VARIASI A - EMAS 17K - BUNGA TANJUNG GOLD,22.108.000,Pilih Lokal,4.9 Penilaian Toko,
GELANG BANGLE SOLITAIRE BULAT A - EMAS 17K - BUNGA TANJUNG GOLD,11.406.000,Pilih Lokal,4.9 Penilaian Toko,
GELANG PAPERCLIP RUMBAI KERANCANG A - EMAS 17K - BUNGA TANJUNG GOLD,29.131.000,Pilih Lokal,4.9 Penilaian Toko,
GELANG SERUT HATI 3 PLAT BLINK - EMAS 17K - BUNGA TANJUNG GOLD,6.293.000,Pilih Lokal,5.0,1 terjual
GELANG WILLOW LEAF UNTIR - EMAS 17K - BUNGA TANJUNG GOLD,29.684.000,Pilih Lokal,4.9 Penilaian Toko,
GELANG DEEP ROYAL A - SDW GOLD - EMAS 18K - BUNGA TANJUNG,13.372.000,Pilih Lokal,5.0,4 terjual
GELANG PITA GLOSSY - EMAS 17K - BUNGA TANJUNG GOLD,25.709.000,Pilih Lokal,4.9 Penilaian Toko,
GELANG DISNEY MICKEY - EMAS 17K - BUNGA TANJUNG GOLD,16.891.000,63 terjual,4.7,
GELANG VAR 56 - EMAS 17K - BUNGA TANJUNG GOLD,11.039.000,Pilih Lokal,4.9 Penilaian Toko,
GELANG NEW ARRIVAL 15 - EMAS 17K - BUNGA TANJUNG GOLD,15.649.000,Pilih Lokal,4.9 Penilaian Toko,
GELANG VAR 69 - EMAS 17K - BUNGA TANJUNG GOLD,11.121.000,Pilih Lokal,4.9 Penilaian Toko,
GELANG TRUE COLORS MIX C - SDW GOLD - EMAS 18K - BUNGA TANJUNG GOLD,15.464.000,Pilih Lokal,5.0,2 terjual
GELANG LUXURY BOLA LOCK - EMAS 17K - BUNGA TANJUNG GOLD,23.101.000,,4.9 Penilaian Toko,
GELANG BANGLE GEOMETRI C BOLD - EMAS 18K - BUNGA TANJUNG GOLD,33.891.000,Pilih Lokal,4.9 Penilaian Toko,
GELANG BANGLE TINJU LOVELY BOLD - EMAS 17K - BUNGA TANJUNG GOLD,17.885.000,Pilih Lokal,4.9 Penilaian Toko,
GELANG BANGLE KIPAS B - EMAS 17K - BUNGA TANJUNG GOLD,15.152.000,Pilih Lokal,4.9 Penilaian Toko,
GELANG BANGLE TINJU DELIMA BOLD - EMAS 18K - BUNGA TANJNG GOLD,24.095.000,Pilih Lokal,4.9 Penilaian Toko,
GELANG GOLDEN CALESTIA C - EMAS 17K - BUNGA TANJUNG GOLD,25.213.000,Pilih Lokal,4.9 Penilaian Toko,
GELANG VAR 57 - EMAS 17K - BUNGA TANJUNG GOLD,10.564.950,Pilih Lokal,4.9 Penilaian Toko,
GELANG CHARLOTTE LAYER WAVE - EMAS 17K - BUNGA TANJUNG GOLD,24.647.000,Pilih Lokal,4.9 Penilaian Toko,
GELANG BANGLE ZEFIA BLOOM F - EMAS 17K - BUNGA TANJUNG GOLD,15.277.000,Pilih Lokal,4.9 Penilaian Toko,
GELANG HOLLOW PAPERCLIP HATI GEMBOK - EMAS 17K - BUNGA TANJUNG GOLD,10.488.000,Pilih Lokal,4.9 Penilaian Toko,
GELANG LUNA FLOWER - EMAS 17K - BUNGA TANJUNG GOLD,10.681.000,Pilih Lokal,4.9 Penilaian Toko,
GELANG RIRI RANTAI KAPSUL - EMAS 17K - BUNGA TANJUNG GOLD,6.293.000,Pilih Lokal,5.0,5 terjual
GELANG SERUT BOBBA SWEETIE HATI - EMAS 17K - BUNGA TANJUNG GOLD,11.923.000,Pilih Lokal,4.9 Penilaian Toko,
GELANG SUPER FLAT HOLOGRAM VARIASI - EMAS 17K - BUNGA TANJUNG GOLD,12.095.000,Pilih Lokal,5.0,5 terjual
GELANG BANGLE UNLIMITED GEOMETRI BOLD - EMAS 18K - BUNGA TANJUNG GOLD,30.056.000,Pilih Lokal,4.9 Penilaian Toko,
GELANG BANGLE SNOWBALL LISTRING B - EMAS 17K - BUNGA TANJUNG GOLD,18.354.000,Pilih Lokal,4.9 Penilaian Toko,
GELANG PAKU BERAT RINGAN BLINK B - EMAS 17K - BUNGA TANJUNG GOLD,12.147.000,Pilih Lokal,5.0,4 terjual
GELANG BANGLE SOLENE DJUJU WAVE BULAT - SYIFA HADJU - EMAS 17K - BUNGA TANJUNG GOLD,16.643.000,Pilih Lokal,4.9 Penilaian Toko,
GELANG PLAT SHIMMER - EMAS 17K - BUNGA TANJUNG GOLD,22.025.000,Pilih Lokal,5.0,1 terjual
GELANG BANGLE UNTIR POLOS - EMAS 17K - BUNGA TANJUNG GOLD,14.656.000,Pilih Lokal,4.9 Penilaian Toko,
GELANG FLICTA GIOMETRI  - EMAS 17K - BUNGA TANJUNG GOLD,15.498.000,,4.9 Penilaian Toko,
GELANG BANGLE PRISMA BLINK - EMAS 17K - BUNGA TANJUNG GOLD,35.135.000,Pilih Lokal,4.9 Penilaian Toko,
GELANG RANTAI MEGUMI WAVE - EMAS 17K - BUNGA TANJUNG GOLD,5.962.000,Pilih Lokal,4.9 Penilaian Toko,
GELANG CUBAN LINK - EMAS 17K - BUNGA TANJUNG GOLD,43.470.000,,4.9 Penilaian Toko,
GELANG BOLA ARSIR VARIASI D - EMAS 17K - BUNGA TANJUNG GOLD,23.074.000,Pilih Lokal,4.9 Penilaian Toko,
GELANG HOLLOW BOBBA PEAR - EMAS 17K - BUNGA TANJUNG GOLD,20.120.000,Pilih Lokal,4.9 Penilaian Toko,
GELANG ELVARA PAPERCLIP BOLD - EMAS 18K - BUNGA TANJUNG GOLD,13.687.000,Pilih Lokal,4.9 Penilaian Toko,
GELANG TANIA PAPERCLIP ARSIR - EMAS 17K - BUNGA TANJUNG GOLD,18.144.000,,4.9 Penilaian Toko,
GELANG SISIK NAGA PITA HATI GEMBOK BLINK - EMAS 17K - BUNGA TANJUNG GOLD,34.031.000,Pilih Lokal,4.9 Penilaian Toko,
GELANG VAR 61 - EMAS 17K - BUNGA TANJUNG GOLD,12.870.000,Pilih Lokal,4.9 Penilaian Toko,
GELANG KEPANG SHIMMER ARSIR C - EMAS 17K - BUNGA TANJUNG GOLD,31.857.000,Pilih Lokal,4.9 Penilaian Toko,
GELANG UNLIMITED TWIN TETES BOLD - EMAS 18K - BUNGA TANJUNG GOLD,19.624.000,Pilih Lokal,4.9 Penilaian Toko,
GELANG LUNA BULAT BOLD - EMAS 18K - BUNGA TANJUNG GOLD,13.662.000,Pilih Lokal,4.9 Penilaian Toko,
GELANG PAPERCLIP RUMBAI HATI WARNA B - EMAS 17K - BUNGA TANJUNG GOLD,25.834.000,Pilih Lokal,5.0,2 terjual
GELANG GOLDEN CALESTIA E - EMAS 17K - BUNGA TANJUNG GOLD,19.375.000,Pilih Lokal,4.9 Penilaian Toko,
GELANG PAPERCLIP RUMBAI BOBBA - EMAS 17K - BUNGA TANJUNG GOLD,30.022.000,Pilih Lokal,4.9 Penilaian Toko,
GELANG VAR 63 - EMAS 17K - BUNGA TANJUNG GOLD,11.495.000,Pilih Lokal,4.9 Penilaian Toko,
GELANG BANGLE PLAT VARIASI C - EMAS 17K - BUNGA TANJUNG GOLD,18.382.000,Pilih Lokal,4.9 Penilaian Toko,
GELANG VAR 70 - EMAS 17K - BUNGA TANJUNG GOLD,10.920.250,Pilih Lokal,4.9 Penilaian Toko,
GELANG PAPERCLIP LOCK KEY - EMAS 17K - BUNGA TANJUNG GOLD,11.178.000,Pilih Lokal,4.9 Penilaian Toko,
GELANG CALLA LILY - SDW GOLD - EMAS 18K - BUNGA TANJUNG GOLD,25.827.000,Pilih Lokal,5.0,1 terjual
GELANG GOLD BAR - EMAS 17K - BUNGA TANJUNG GOLD,5.465.000,,4.9 Penilaian Toko,
GELANG BAGUETTE RUBY SERIES - SDW GOLD - EMAS BUNGA TANJUNG GOLD,11.012.000,Pilih Lokal,5.0,2 terjual
GELANG BANGLE TINJU BOBBA BUBBLE BOLD - EMAS 18K - BUNGA TANJUNG GOLD,20.990.000,Pilih Lokal,4.9 Penilaian Toko,
GELANG BANGLE ETERNA LOVE - EMAS 17K - BUNGA TANJUNG GOLD,18.630.000,Pilih Lokal,4.9 Penilaian Toko,
GELANG BANGLE WAVE C BOLD - EMAS 18K - BUNGA TANJUNG GOLD,28.193.000,Pilih Lokal,4.9 Penilaian Toko,
GELANG KEPANG SHIMMER ARSIR D - EMAS 17K - BUNGA TANJUNG GOLD,15.994.000,Pilih Lokal,4.9 Penilaian Toko,
GELANG BOLA ARSIR VARIASI B - EMAS 17K - BUNGA TANJUNG GOLD,23.598.000,Pilih Lokal,4.9 Penilaian Toko,
GELANG BANGLE KIANA STARLISSE - EMAS 17K - BUNGA TANJUNG GOLD,18.382.000,Pilih Lokal,4.9 Penilaian Toko,
GELANG TITAN PHAREL - EMAS 17K - BUNGA TANJUNG GOLD,19.127.000,,4.9 Penilaian Toko,
GELANG BANGLE TINJU KUCING C - EMAS 17K - BUNGA TANJUNG GOLD,28.318.000,Pilih Lokal,4.9 Penilaian Toko,
GELANG HOLLOW RUMBAI BUAH DURIAN - EMAS 17K - BUNGA TANJUNG GOLD,29.560.000,Pilih Lokal,4.9 Penilaian Toko,
GELANG BANGLE SPIRAL DIVA WARNA BS - EMAS 17K - BUNGA TANJUNG GOLD,16.519.000,Pilih Lokal,4.9 Penilaian Toko,
GELANG BANGLE SAPPHIRE D YU - EMAS 17K - BUNGA TANJUNG GOLD,23.598.000,Pilih Lokal,4.9 Penilaian Toko,
GELANG BANGLE TINJU KERAWANG KUCING - EMAS 17K - BUNGA TANJUNG GOLD,55.487.000,Pilih Lokal,4.9 Penilaian Toko,
GELANG BANGLE CLASSIC POLOS - EMAS 17K - BUNGA TANJUNG GOLD,21.611.000,Pilih Lokal,4.9 Penilaian Toko,
GELANG SISIK NAGA PLAT CROWN - EMAS 17K - BUNGA TANJUNG GOLD,29.560.000,Pilih Lokal,4.9 Penilaian Toko,
GELANG BANGLE KIANA BLINK - EMAS 17K - BUNGA TANJUNG GOLD,15.649.000,Pilih Lokal,4.9 Penilaian Toko,
GELANG BANGLE BAMBU A - EMAS 17K - BUNGA TANJUNG GOLD,30.926.000,Pilih Lokal,4.9 Penilaian Toko,
GELANG BOLA ARSIR VARIASI C - EMAS 17K - BUNGA TANJUNG GOLD,16.388.000,Pilih Lokal,4.5,2 terjual
GELANG BANGLE SOLENE DJUJU FLOWER - SYIFA HADJU - EMAS 17K - BUNGA TANJUNG GOLD,20.120.000,Pilih Lokal,4.9 Penilaian Toko,
GELANG SERUT TWIN WILLOW NATURAL LEAF - EMAS 17K - BUNGA TANJUNG GOLD,7.079.000,Pilih Lokal,5.0,3 terjual
GELANG BANGLE CLOVER H - EMAS 17K - BUNGA TANJUNG GOLD,12.917.000,,4.9 Penilaian Toko,
GELANG HOLLOW PAPERCLIP SHIMMER - EMAS 17K - BUNGA TANJUNG GOLD,14.538.000,Pilih Lokal,4.9 Penilaian Toko,
GELANG LUNA SQUARE BOLD - EMAS 18K - BUNGA TANJUNG GOLD,15.357.000,Pilih Lokal,4.9 Penilaian Toko,
GELANG BANGLE GEO WAVE - EMAS 17K - BUNGA TANJUNG GOLD,29.808.000,Pilih Lokal,4.9 Penilaian Toko,
GELANG BANGLE DAINA BLINK - EMAS 17K - BUNGA TANJUNG GOLD,5.751.000,Pilih Lokal,5.0,2 terjual
GELANG BANGLE ZEFIA BLOOM E - EMAS 17K - BUNGA TANJUNG GOLD,17.636.000,Pilih Lokal,4.9 Penilaian Toko,
CINCIN STARDUST B - EMAS 17K - BUNGA TANJUNG GOLD,3.780.000,Pilih Lokal,4.9 Penilaian Toko,
GELANG BANGLE TINJU T BOLD - EMAS 18K - BUNGA TANJUNG GOLD,16.033.000,Pilih Lokal,4.9 Penilaian Toko,
GELANG BANGLE DOUBLE LOVE CUPID  - EMAS 17K - BUNGA TANJUNG GOLD,21.362.000,Pilih Lokal,4.9 Penilaian Toko,
GELANG BANGLE LINEA TWIST - EMAS 17K - BUNGA TANJUNG GOLD,20.120.000,Pilih Lokal,4.9 Penilaian Toko,
GELANG PAPERCLIP CLOVER BOBBA SHIMMER LY - EMAS 17K - BUNGA TANJUNG GOLD,6.385.000,Pilih Lokal,4.9 Penilaian Toko,
GELANG RUMBAI QILIN - EMAS 17K - BUNGA TANJUNG GOLD,17.388.000,,4.9 Penilaian Toko,
GELANG TAMBANG UNTIR - EMAS 17K - BUNGA TANJUNG GOLD,9.563.000,Pilih Lokal,5.0,63 terjual
GELANG BANGLE SOLENE DJUJU LEAF BLINK - SYIFA HADJU - EMAS 17K - BUNGA TANJUNG GOLD,13.786.000,Pilih Lokal,4.9 Penilaian Toko,
GELANG BANGLE GREEK KEY - EMAS 17K - BUNGA TANJUNG GOLD,21.238.000,Pilih Lokal,4.9 Penilaian Toko,
GELANG BANGLE LAYER TINE HATI - EMAS 17K - BUNGA TANJUNG GOLD,12.192.000,Pilih Lokal,5.0,2 terjual
GELANG CHOKER PITA BOLA ARSIR - EMAS 17K - BUNGA TANJUNG GOLD,7.735.000,Pilih Lokal,5.0,3 terjual
GELANG RUMBAI PAPERCLIP LOVELY BELL - EMAS 17K - BUNGA TANJUNG GOLD,25.958.000,Pilih Lokal,4.9 Penilaian Toko,
GELANG RANTAI SEASHELL A DA-YUNG - EMAS 17K - BUNGA TANJUNG GOLD,3.974.000,Pilih Lokal,5.0,1 terjual
GELANG BANGLE TINJU KUCING A - EMAS 17K - BUNGA TANJUNG GOLD,26.827.000,Pilih Lokal,4.9 Penilaian Toko,
GELANG PAPERCLIP BOBBA SHIMMER E - EMAS 17K - BUNGA TANJUNG GOLD,5.465.000,Pilih Lokal,5.0,1 terjual
GELANG LAYER MERICA C - EMAS 17K - BUNGA TANJUNG GOLD,10.332.000,Pilih Lokal,4.6,7 terjual
GELANG VAR 66 - EMAS 17K - BUNGA TANJUNG GOLD,13.620.000,Pilih Lokal,4.9 Penilaian Toko,
GELANG RANTAI ARSIR FLOWER KH - EMAS 17K - BUNGA TANJUNG GOLD,35.024.000,Pilih Lokal,4.9 Penilaian Toko,
GELANG VAR 27 - EMAS 17K - BUNGA TANJUNG GOLD,4.984.000,,4.9 Penilaian Toko,
GELANG BANGLE LISTRING E - EMAS 17K - BUNGA TANJUNG GOLD,12.586.000,Pilih Lokal,4.9 Penilaian Toko,
GELANG SERUT BELA MOON STAR - EMAS 17K - BUNGA TANJUNG GOLD,4.982.000,Pilih Lokal,5.0,2 terjual
GELANG PAPERCLIP LOVE BLINK - EMAS 17K - BUNGA TANJUNG GOLD,19.520.000,Pilih Lokal,4.9 Penilaian Toko,
GELANG HOLLOW KUNCI HATI GEMBOK B - EMAS 17K - BUNGA TANJUNG GOLD,22.025.000,Pilih Lokal,5.0,1 terjual
CINCIN TRIANGEL BOLD - EMAS 18K - BUNGA TANJUNG GOLD,5.796.000,Pilih Lokal,5.0,2 terjual
GELANG SERUT PITA BOLA ARSIR - EMAS 17K - BUNGA TANJUNG GOLD,9.308.000,Pilih Lokal,4.9 Penilaian Toko,
GELANG VELA BOBBA KERANCANG FLOWER - EMAS 17K - BUNGA TANJUNG GOLD,37.260.000,Pilih Lokal,4.9 Penilaian Toko,
GELANG HERME BOLA PASIR A - EMAS 17K - BUNGA TANJUNG GOLD,17.961.000,Pilih Lokal,4.9 Penilaian Toko,
GELANG PAPERCLIP RUMBAI BOLA FLOWER - EMAS 17K -  BUNGA TANJUNG GOLD,21.238.000,Pilih Lokal,5.0,1 terjual
GELANG SNOWBALL 2 LAYER RUMBAI A - EMAS 17K - BUNGA TANJUNG GOLD,6.426.000,Pilih Lokal,5.0,5 terjual
GELANG BANGLE ZEFIA BLOOM G - EMAS 17K - BUNGA TANJUNG GOLD,21.114.000,Pilih Lokal,4.9 Penilaian Toko,
GELANG BANGLE SISIK IKAN A - EMAS 17K - BUNGA TANJUNG GOLD,18.506.000,Pilih Lokal,4.9 Penilaian Toko,
GELANG BANGLE UNLIMITED SQUARE BOLD - EMAS 18K - BUNGA TANJUNG GOLD,22.108.000,Pilih Lokal,4.9 Penilaian Toko,
GELANG NEW ARRIVAL 21 - EMAS 17K - BUNGA TANJUNG GOLD,19.665.000,Pilih Lokal,4.9 Penilaian Toko,
GELANG BANGLE TINJU ULAR   - EMAS 17K - BUNGA TANJUNG GOLD,19.375.000,Pilih Lokal,4.9 Penilaian Toko,
GELANG BOBBA PLAT UNTIR HATI - EMAS 17K - BUNGA TANJUNG GOLD,10.144.000,Pilih Lokal,4.9 Penilaian Toko,
GELANG FASHION BANGLE UNTIR MATA B - EMAS 17K - BUNGA TANJUNG GOLD,15.994.000,Pilih Lokal,4.9 Penilaian Toko,
GELANG BANGLE POLOS WAVE C - EMAS 17K - BUNGA TANJUNG GOLD,27.324.000,Pilih Lokal,4.9 Penilaian Toko,
GELANG CHOKER 5 LAYER BOBBA B - EMAS 17K - BUNGA TANJUNG GOLD,22.549.000,Pilih Lokal,4.9 Penilaian Toko,
GELANG SERUT TETES SHIMMER - EMAS 17K - BUNGA TANJUNG GOLD,3.654.000,Pilih Lokal,4.3,7 terjual
GELANG CHARLOTTE GOLD - EMAS 17K - BUNGA TANJUNG GOLD,6.727.000,Pilih Lokal,4.8,4RB+ terjual
GELANG JEDAR SISIK NAGA - EMAS 17K - BUNGA TANJUNG GOLD,4.022.000,Pilih Lokal,4.9,4RB+ terjual
GELANG SERUT NEWBORN ANAK - EMAS 17K - BUNGA TANJUNG GOLD,5.465.000,Pilih Lokal,4.8,107 terjual
GELANG HOLLOW RUMBAI BOLA 3W - EMAS 17K - BUNGA TANJUNG GOLD,61.456.000,Pilih Lokal,5.0,1 terjual
GELANG HOLOGRAM RAINBOW FLOWER - EMAS 17K - BUNGA TANJUNG GOLD,42.608.000,Pilih Lokal,4.9 Penilaian Toko,
GELANG BANGLE TINJU TEDDY BEAR - EMAS 17K - BUNGA TANJUNG GOLD,53.459.000,Pilih Lokal,4.9 Penilaian Toko,
GELANG RANTAI ULAR VARIASI - EMAS 17K - BUNGA TANJUNG GOLD,16.884.000,Pilih Lokal,4.8,6 terjual
GELANG CHARLOTTE VAR MATA LY - EMAS 17K - BUNGA TANJUNG GOLD,41.085.000,Pilih Lokal,5.0,2 terjual
GELANG CHARLOTTE LARGE  MATA - EMAS 17K - EMAS 17K - BUNGA TANJUNG GOLD,34.873.000,Pilih Lokal,4.9 Penilaian Toko,
CINCIN FLORAL SAKURA - EMAS 17K - BUNGA TANJUNG GOLD,2.016.000,Pilih Lokal,4.9,135 terjual
GELANG EMAS HOLLOW CLASSIC CHAIN - EMAS 17K - BUNGA TANJUNG GOLD,1.427.000,Pilih Lokal,4.9,520 terjual
GELANG TALI KEPANG BOBBA VARIASI - EMAS 17K - BUNGA TANJUNG GOLD,2.394.000,Pilih Lokal,5.0,15 terjual
GELANG HOLLOW FANCY VARIASI - EMAS 17K - BUNGA TANJUNG GOLD,1.167.000,Pilih Lokal,4.9,733 terjual
GELANG KIDS ANAK HOLLOW RUMBAI VARIASI VOL 2 - EMAS 17K - BUNGA TANJUNG GOLD,7.342.000,Pilih Lokal,4.9 Penilaian Toko,
GELANG HOLLOW LUXURY HATI KUPU - EMAS 17K - BUNGA TANJUNG GOLD,30.940.000,Pilih Lokal,4.0,2 terjual
GELANG TALI RED LINK - EMAS 17K - BUNGA TANJUNG GOLD,2.266.000,Pilih Lokal,5.0,7 terjual
GELANG RANTAI PITA VARIASI B - EMAS 17K - BUNGA TANJUNG GOLD,21.632.000,Pilih Lokal,5.0,1 terjual
GELANG BOLA GEMBOK - EMAS 17K - BUNGA TANJUNG GOLD,26.703.000,Pilih Lokal,4.9,77 terjual
GELANG SERUT SOLENE THREE LOVE - SYIFA HADJU - EMAS 17K - BUNGA TANJUNG GOLD,5.589.000,Pilih Lokal,4.9 Penilaian Toko,
GELANG CHOKER ELEZTRA - EMAS 17K - BUNGA TANJUNG GOLD,6.804.000,Pilih Lokal,4.9,629 terjual
GELANG EMAS CHOKER SILK LINE - EMAS 17K - BUNGA TANJUNG GOLD,2.608.000,Pilih Lokal,5.0,108 terjual
GELANG CHARLOTTE ARSIR B - EMAS 17K - BUNGA TANJUNG GOLD,23.436.000,Pilih Lokal,5.0,9 terjual
GELANG FLOREN OSCANO SHIMMER CLOVER - EMAS 17K - BUNGA TANJUNG GOLD,2.268.000,Pilih Lokal,4.9,308 terjual
GELANG SERUT SOLENE TWIN COLOR - SYIFA HADJU - EMAS 17K - BUNGA TANJUNG GOLD,5.713.000,Pilih Lokal,4.9 Penilaian Toko,
GELANG SABUK BELT - EMAS 17K - BUNGA TANJUNG GOLD,40.068.000,Pilih Lokal,5.0,25 terjual
GELANG SERUT KIPAS BLINK BS - EMAS 17K - BUNGA TANJUNG GOLD,6.210.000,Pilih Lokal,4.9 Penilaian Toko,
GELANG BANGLE KRAWANG BATIK - EMAS 17K - BUNGA TANJUNG GOLD,31.726.000,Pilih Lokal,4.9 Penilaian Toko,
GELANG ZEFIA BLOOM E - EMAS 17K - BUNGA TANJUNG GOLD,4.943.000,Pilih Lokal,4.9 Penilaian Toko,
GELANG ZEFIA BLOOM A - EMAS 17K - BUNGA TANJUNG GOLD,6.458.000,Pilih Lokal,4.9 Penilaian Toko,
GELANG BOBBA BUBBLE POP TEDDY BEAR - EMAS 17K - BUNGA TANJUNG GOLD,23.688.000,Pilih Lokal,5.0,5 terjual
GELANG KIDS ANAK LOTSO - EMAS 17K - BUNGA TANJUNG GOLD,5.216.000,,4.9 Penilaian Toko,
GELANG LAYER MERICA B - EMAS 17K - BUNGA TANJUNG GOLD,8.568.000,Pilih Lokal,5.0,15 terjual
GELANG KIDS ANAK BABY NEWBORN A - EMAS 17K - BUNGA TANJUNG GOLD,6.845.000,Pilih Lokal,4.9 Penilaian Toko,
GELANG BANGLE ECROW - EMAS 17K - BUNGA TANJUNG GOLD,31.374.000,Pilih Lokal,5.0,16 terjual
GELANG BOBBA BUBBLE POP VAR HATI PITA C - EMAS 17K - BUNGA TANJUNG GOLD,26.744.000,Pilih Lokal,4.9 Penilaian Toko,
GELANG TAMBANG X BOBBA BUBBLE POP - EMAS 17K - BUNGA TANJUNG GOLD,21.238.000,Pilih Lokal,4.0,1 terjual
GELANG FLOREA D - EMAS 17K - BUNGA TANJUNG GOLD,5.637.000,Pilih Lokal,5.0,1 terjual
GELANG SERUT GOLDEN LOVE MINI - EMAS 18K - BUNGA TANJUNG GOLD,4.410.000,,4.9 Penilaian Toko,
GELANG BANGLE ZEFIA BLOOM B - EMAS 17K - BUNGA TANJUNG GOLD,9.688.000,Pilih Lokal,4.9 Penilaian Toko,
GELANG PAPERCLIP RUMBAI UNICORN - EMAS 17K - BUNGA TANJUNG GOLD,26.482.000,Pilih Lokal,4.9 Penilaian Toko,
GELANG SERUT CHARLOTTE CHAIN - EMAS 17K - BUNGA TANJUNG GOLD,6.583.000,Pilih Lokal,4.9 Penilaian Toko,
GELANG BANGLE KIDS ANAK MICKEY POLOS - EMAS 17K - BUNGA TANJUNG GOLD,4.720.000,2 terjual,5.0,
GELANG SERUT SOLENE DJUJU GEOMETRI - SYIFA HADJU - EMAS 17K - BUNGA TANJUNG GOLD,7.204.000,Pilih Lokal,4.9 Penilaian Toko,
GELANG HERME KELLY - EMAS 17K - BUNGA TANJUNG GOLD,24.840.000,69 terjual,4.9,
GELANG SERUT KEPANG BOBBA GLITTER - EMAS 17K - BUNGA TANJUNG GOLD,6.707.000,Pilih Lokal,4.9 Penilaian Toko,
GELANG BANGLE SPARKLE LINE BULAT - EMAS 17K - BUNGA TANJUNG GOLD,9.563.000,Pilih Lokal,4.9 Penilaian Toko,
GELANG BANGLE TINJU FLOWER - EMAS 17K - BUNGA TANJUNG GOLD,21.114.000,,4.9 Penilaian Toko,
GELANG BANGLE ULAR WARNA BLINK KH - EMAS 17K - BUNGA TANJUNG GOLD,39.592.000,Pilih Lokal,4.9 Penilaian Toko,
GELANG RUMBAI KIGUNA - EMAS 17K - BUNGA TANJUNG GOLD,13.414.000,,4.9 Penilaian Toko,
GELANG BANGLE ULAR D - EMAS 17K - BUNGA TANJUNG GOLD,24.095.000,Pilih Lokal,4.9 Penilaian Toko,
GELANG HOLLOW RUMBAI BOBBA KRAWANG WARNA - EMAS 17K - BUNGA TANJUNG GOLD,17.830.000,Pilih Lokal,4.9 Penilaian Toko,
GELANG JEDAR ROSARIO - EMAS 17K - BUNGA TANJUNG GOLD,6.552.000,Pilih Lokal,5.0,14 terjual
GELANG BANGLE SHIMMER LINE - EMAS 17K - BUNGA TANJUNG GOLD,9.936.000,Pilih Lokal,4.9 Penilaian Toko,
GELANG BANGLE TINJU KIPAS SLIM - EMAS 17K - BUNGA TANJUNG GOLD,9.191.000,Pilih Lokal,4.9 Penilaian Toko,
GELANG SERUT CLOVER MATA - EMAS 17K - BUNGA TANJUNG GOLD,7.283.000,Pilih Lokal,4.9 Penilaian Toko,
GELANG BANGLE DAINY BLINK - EMAS 17K - BUNGA TANJUNG GOLD,6.707.000,,4.9 Penilaian Toko,
GELANG KIZUNA CLOVER - EMAS 17K - BUNGA TANJUNG GOLD,4.032.000,,4.9 Penilaian Toko,
GELANG TWIN WILLOW LEAF LARGE - EMAS 17K - BUNGA TANJUNG GOLD,23.101.000,,4.9 Penilaian Toko,
GELANG KAINA TWIN LAYER  - EMAS 17K - BUNGA TANJUNG GOLD,7.576.000,,4.9 Penilaian Toko,
GELANG BANGLE KIARA BLINK A - EMAS 17K - BUNGA TANJUNG GOLD,19.927.000,Pilih Lokal,4.9 Penilaian Toko,
GELANG FLUREA - EMAS 17K - BUNGA TANJUNG GOLD,6.162.000,Pilih Lokal,4.9 Penilaian Toko,
GELANG BANGLE TINJU HOLLOW- EMAS 17K - BUNGA TANJUNG GOLD,38.875.000,Pilih Lokal,4.9 Penilaian Toko,
GELANG TOOGLE PAPERCLIP - EMAS 17K - BUNGA TANJUNG GOLD,22.428.000,Pilih Lokal,4.6,23 terjual
GELANG PAPERCLIP HATI BOLA BUNGA MAWAR - MAS 17K - BUNGA TANJUNG GOLD,24.385.000,Pilih Lokal,5.0,1 terjual
GELANG REFLECTA FANIA BOX CHAIN - EMAS 18K - BUNGA TANJUNG GOLD,9.072.000,,4.9 Penilaian Toko,
GELANG SISIK NAGA RUMBAI BOLA HATI - EMAS 17K - BUNGA TANJUNG GOLD,8.915.000,Pilih Lokal,4.9 Penilaian Toko,
GELANG BANGLE WILLOW LEAF LARGE - EMAS 17K - BUNGA TANJUNG GOLD,19.996.000,Pilih Lokal,4.9 Penilaian Toko,
GELANG BANGLE SOLENE LOVE BOBBA - SYIFA HADJU - EMAS 17K - BUNGA TANJUNG GOLD,7.700.000,Pilih Lokal,4.9 Penilaian Toko,
GELANG SERUT MOLLY MIRROR VARIASI - EMAS 17K - BUNGA TANJUNG GOLD,4.457.000,Pilih Lokal,4.9 Penilaian Toko,
GELANG PAPERCLIP VARIASI RUMBAI BOLA B - EMAS 17K - BUNGA TANJUNG GOLD,43.263.000,Pilih Lokal,5.0,2 terjual
GELANG KIDS ANAK ANIMALS GAJAH - EMAS 17K - BUNGA TANJUNG GOLD,4.471.000,,4.9 Penilaian Toko,
GELANG HOLLOW RUMBAI VARIASI PEGASUS WT - EMAS 17K - BUNGA TANJUNG,6.210.000,Pilih Lokal,4.9 Penilaian Toko,
GELANG BANGLE CHEVRON POLOS - EMAS 17K - BUNGA TANJUNG GOLD,15.525.000,Pilih Lokal,4.9 Penilaian Toko,
GELANG SERUT FLOWER DISCO - EMAS 17K - BUNGA TANJUNG GOLD,4.347.000,Pilih Lokal,5.0,1 terjual
GELANG FLOREA B - EMAS 17K - BUNGA TANJUNG GOLD,6.031.000,Pilih Lokal,4.9 Penilaian Toko,
GELANG SERUT KIPAS GLOW - EMAS 17K - BUNGA TANJUNG GOLD,4.223.000,Pilih Lokal,4.9 Penilaian Toko,
GELANG FASHION RANTAI ARROW LY - EMAS 17K - BUNGA TANJUNG GOLD,42.195.000,Pilih Lokal,4.9 Penilaian Toko,
GELANG BANGLE LAYER ULAR WT - EMAS 17K - BUNGA TANJUNG GOLD,39.330.000,Pilih Lokal,4.9 Penilaian Toko,
GELANG GEOMETRI CLASH - EMAS 17K - BUNGA TANJUNG GOLD,21.362.000,,4.9 Penilaian Toko,
GELANG SISIK NAGA GLOSSY C - EMAS 17K - BUNGA TANJUNG GOLD,54.508.000,Pilih Lokal,5.0,2 terjual
GELANG BANGLE SOLENE LOVELY BLINK - SYIFA HADJU - EMAS 17K - BUNGA TANJUNG GOLD,7.949.000,Pilih Lokal,4.9 Penilaian Toko,
GELANG RUMBAI BELL MOON - EMAS 17K - BUNGA TANJUNG GOLD,8.323.000,Pilih Lokal,4.9 Penilaian Toko,
GELANG BANGLE WILLOW LEAF DAUN B - EMAS 17K - BUNGA TANJUNG GOLD,13.104.000,Pilih Lokal,4.3,6 terjual
GELANG VAR 28 - EMAS 17K - BUNGA TANJUNG GOLD,3.962.000,Pilih Lokal,4.9 Penilaian Toko,
GELANG KIDS ANAK BANGLE MELODY B - EMAS 17K - BUNGA TANJUNG GOLD,6.817.000,Pilih Lokal,4.9 Penilaian Toko,
GELANG SISIK NAGA SQUARE - EMAS 17K - BUNGA TANJUNG GOLD,53.520.000,Pilih Lokal,5.0,9 terjual
GELANG BANGLE KELLY BOLD BOLD - EMAS 18K - BUNGA TANJUNG GOLD,34.528.000,Pilih Lokal,4.9 Penilaian Toko,
GELANG LISTRING KIARA E - EMAS 17K - BUNGA TANJUNG GOLD,20.452.000,Pilih Lokal,4.9 Penilaian Toko,
KALUNG ROSARIO KRAWANG - EMAS 17K - BUNGA TANJUNG GOLD,19.026.000,Pilih Lokal,5.0,1 terjual
GELANG SERUT SAKURA WARNA BLINK - EMAS 17K - BUNGA TANJUNG GOLD,8.197.000,Pilih Lokal,4.9 Penilaian Toko,
GELANG RUMBAI PAPERCLIP LOVE B - EMAS 17K - BUNGA TANJUNG GOLD,19.470.000,Pilih Lokal,4.9 Penilaian Toko,
GELANG FLOREA C - EMAS 17K - BUNGA TANJUNG GOLD,6.293.000,,4.9 Penilaian Toko,
GELANG FASHION BANGLE PELURU - EMAS 17K - BUNGA TANJUNG GOLD,30.940.000,Pilih Lokal,5.0,2 terjual
GELANG CHOKER PIPIH BOBBA 3 WARNA - EMAS 17K - BUNGA TANJUNG GOLD,41.297.000,Pilih Lokal,4.9 Penilaian Toko,
GELANG KIDS ANAK SIMFONI BELL - EMAS 17K - BUNGA TANJUNG GOLD,6.086.000,Pilih Lokal,4.9 Penilaian Toko,
GELANG LISTRING KIARA A - EMAS 17K - BUNGA TANJUNG GOLD,39.330.000,Pilih Lokal,4.9 Penilaian Toko,
GELANG CLOVER RUMBAI BINTANG - EMAS 17K - BUNGA TANJUNG GOLD,26.270.000,Pilih Lokal,5.0,2 terjual
GELANG SERUT CLOVER BUNGA 3 - EMAS 17K - BUNGA TANJUNG GOLD,7.056.000,13 terjual,5.0,
GELANG BULLET CRUSH - SDW GOLD - EMAS 18K - BUNGA TANJUNG GOLD,15.732.000,Pilih Lokal,5.0,1 terjual
GELANG LUXURY CHAIN BOBBA BUBBLE POP C - EMAS 17K - BUNGA TANJUNG GOLD,22.025.000,Pilih Lokal,5.0,1 terjual
GELANG FLOREA - EMAS 17K - BUNGA TANJUNG GOLD,5.900.000,,4.9 Penilaian Toko,
GELANG SERUT KANIA 2W - EMAS 17K - BUNGA TANJUNG GOLD,6.210.000,Pilih Lokal,4.9 Penilaian Toko,
GELANG BAGUETTE DAZZLING B - SDW GOLD - EMAS 18K BUNGA TANJUNG GOLD,7.204.000,Pilih Lokal,5.0,81 terjual
GELANG TINJU KUCING BLINK - EMAS 17K - BUNGA TANJUNG GOLD,38.019.000,Pilih Lokal,4.9 Penilaian Toko,
GELANG BANGLE KIARA BLINK B - EMAS 17K - BUNGA TANJUNG GOLD,21.362.000,Pilih Lokal,4.9 Penilaian Toko,
GELANG BANGLE TINJU CLOVER B - EMAS 17K - BUNGA TANJUNG GOLD,7.825.000,Pilih Lokal,4.9,30 terjual
GELANG CHOKER BLACK LOVE- EMAS 17K - BUNGA TANJUNG GOLD,9.688.000,Pilih Lokal,4.9 Penilaian Toko,
GELANG BANGLE POLOS WAVE E - EMAS 17K - BUNGA TANJUNG GOLD,15.372.000,Pilih Lokal,5.0,9 terjual
GELANG CAROUSEL SERIES - EMAS 17K - BUNGA TANJUNG GOLD,8.064.000,Pilih Lokal,4.9,17 terjual
GELANG RANTAI HOLLOW BLINK - EMAS 17K - BUNGA TANJUNG GOLD,65.258.000,Pilih Lokal,4.9 Penilaian Toko,
GELANG SERUT CLOVER LISTRING LAYER B - EMAS 17K - BUNGA TANJUNG GOLD,17.140.000,Pilih Lokal,5.0,4 terjual
GELANG BANGLE LISTRING DISCO - EMAS 17K - BUNGA TANJUNG GOLD,20.845.000,Pilih Lokal,5.0,1 terjual
GELANG SERUT HOLOGRAM FLOWER KUPU - EMAS 17K - BUNGA TANJUNG GOLD,5.113.000,Pilih Lokal,4.9 Penilaian Toko,
GELANG BANGLE TINJU BAMBU BLINK - EMAS 17K - BUNGA TANJUNG GOLD,39.854.000,Pilih Lokal,4.9 Penilaian Toko,
GELANG FIGARO BOLD - EMAS 18K - BUNGA TANJUNG GOLD,4.284.000,Pilih Lokal,5.0,7 terjual
GELANG SERUT ULAR A - EMAS 17K - BUNGA TANJUNG GOLD,6.804.000,Pilih Lokal,5.0,7 terjual
GELANG MOLINA LOVE ARSIR - EMAS 17K - BUNGA TANJUNG GOLD,6.211.000,Pilih Lokal,4.9 Penilaian Toko,
GELANG BANGLE KIDS ANAK SNOOPY CROWN - EMAS 17K - BUNGA TANJUNG GOLD,5.216.000,,4.9 Penilaian Toko,
GELANG SERUT RUMBAI BOBBA BOLD - EMAS 18K - BUNGA TANJUNG GOLD,7.949.000,Pilih Lokal,4.9 Penilaian Toko,
CINCIN STAR FLOWER BOLD - EMAS 18K - BUNGA TANJUNG GOLD,7.560.000,Pilih Lokal,4.9 Penilaian Toko,
GELANG KIDS ANAK HELLO KITTY STAR - EMAS 17K - BUNGA TANJUNG GOLD,5.113.000,,4.9 Penilaian Toko,
GELANG BANGLE OCEAN BREEZE - EMAS 17K - BUNGA TANJUNG GOLD,14.407.000,Pilih Lokal,4.9 Penilaian Toko,
GELANG BANGLE KIDS ANAK CINNAMOROLL HATI - EMAS 17K - BUNGA TANJUNG GOLD,5.113.000,,4.9 Penilaian Toko,
GELANG LAYER H CHAIN BOLD - EMAS 18K - BUNGA TANJUNG GOLD,11.356.000,Pilih Lokal,4.9 Penilaian Toko,
GELANG BANGLE SNOWBALL LISTRING - EMAS 17K - BUNGA TANJUNG GOLD,16.125.000,Pilih Lokal,4.9 Penilaian Toko,
GELANG OMBRE PITA - EMAS 17K - BUNGA TANJUNG GOLD,4.968.000,,4.9 Penilaian Toko,
GELANG KIPAS BOBBA WT - EMAS 17K - BUNGA TANJUNG GOLD,5.092.000,Pilih Lokal,4.9 Penilaian Toko,
GELANG LAYER PAPERCLIP BOLA PASIR - EMAS 17K - BUNGA TANJUNG GOLD,23.074.000,Pilih Lokal,5.0,3 terjual
GELANG PAPERCLIP LUNA MOON STAR  - EMAS 17K - BUNGA TANJUNG GOLD,5.982.000,Pilih Lokal,4.9 Penilaian Toko,
CINCIN TINJU BOBA KUPU BOLD - EMAS 18K - BUNGA TANJUNG GOLD,4.662.000,Pilih Lokal,5.0,3 terjual
GELANG CLOVER SERUT THIN BS - EMAS 17K - BUNGA TANJUNG GOLD,5.244.000,,4.9 Penilaian Toko,
GELANG SERUT RED BAG - EMAS 17K - BUNGA TANJUNG GOLD,7.700.000,Pilih Lokal,4.9 Penilaian Toko,
GELANG BANGLE CLOVER LISTRING LAYER C - EMAS 17K - BUNGA TANJUNG GOLD,17.043.000,Pilih Lokal,4.9 Penilaian Toko,
GELANG BANGLE SHOPIA WAVE POLOS B - EMAS 17K - BUNGA TANJUNG GOLD,15.898.000,Pilih Lokal,4.9 Penilaian Toko,
GELANG ETERNA 2 LAYER BOLD - EMAS 18K - BUNGA TANJUNG GOLD,30.802.000,Pilih Lokal,4.9 Penilaian Toko,
GELANG BANGLE BELLA SHIMMER - EMAS 17K - BUNGA TANJUNG GOLD,14.159.000,Pilih Lokal,4.0,2 terjual
GELANG KIDS ANAK SNOOPY CROWN - EMAS 17K - BUNGA TANJUNG GOLD,4.595.000,,4.9 Penilaian Toko,
GELANG 2 LAYER STARDUST - EMAS 17K - BUNGA TANJUNG GOLD,6.831.000,Pilih Lokal,4.9 Penilaian Toko,
GELANG SANRIO CINNAMOROLL STAR - EMAS 17K - BUNGA TANJUNG GOLD,6.210.000,,4.9 Penilaian Toko,
GELANG BANGLE GEMBOK - EMAS 17K - BUNGA TANJUNG GOLD,18.144.000,Pilih Lokal,5.0,18 terjual
GELANG SLIMLINK BOLD - EMAS 18K - BUNGA TANJUNG GOLD,8.942.000,Pilih Lokal,4.9 Penilaian Toko,
GELANG SERUT STARDUST B - EMAS 17K - BUNGA TANJUNG GOLD,5.962.000,Pilih Lokal,4.9 Penilaian Toko,
GELANG SISIK NAGA ARSIR A - EMAS 17K - BUNGA TANJUNG GOLD,27.793.000,Pilih Lokal,4.9 Penilaian Toko,
GELANG SERUT HOLOGRAM PITA HATI BLINK B - EMAS 17K - BUNGA TANJUNG GOLD,4.099.000,,4.9 Penilaian Toko,
GELANG BANGLE LISTRING O - EMAS 17K - BUNGA TANJUNG GOLD,18.354.000,Pilih Lokal,4.9 Penilaian Toko,
CINCIN INFINITY CRUVE BOLD - EMAS 18K - BUNGA TANJUNG GOLD,6.804.000,Pilih Lokal,4.9 Penilaian Toko,
GELANG BANGLE BOBBA BUBBLE POP - EMAS 17K - BUNGA TANJUNG GOLD,22.811.000,Pilih Lokal,4.9 Penilaian Toko,
GELANG SISIK NAGA RINGAN VARIASI A - EMAS 17K - BUNGA TANJUNG GOLD,7.560.000,Pilih Lokal,4.8,8 terjual
GELANG INFINITY SIMPUL BOLD - EMAS 18K - BUNGA TANJUNG GOLD,6.458.000,Pilih Lokal,4.9 Penilaian Toko,
GELANG SERUT LISTRING KIARA B - EMAS 17K - BUNGA TANJUNG GOLD,9.439.000,Pilih Lokal,4.9 Penilaian Toko,
GELANG KIDS ANAK BANGLE HELLO KITTY D - EMAS 17K - BUNGA TANJUNG GOLD,7.342.000,,4.9 Penilaian Toko,
GELANG BANGLE SISIK VARIASI KUCING - EMAS 17K - BUNGA TANJUNG GOLD,29.104.000,Pilih Lokal,4.9 Penilaian Toko,
GELANG LAYER CHOKER SHIMMER - EMAS 17K - BUNGA TANJUNG,19.927.000,Pilih Lokal,5.0,4 terjual
GELANG VAR 25 - EMAS 17K - BUNGA TANJUNG GOLD,4.601.000,Pilih Lokal,4.9 Penilaian Toko,
GELANG KIDS ANAK MOANA - EMAS 17K - BUNGA TANJUNG GOLD,5.670.000,,4.9 Penilaian Toko,
GELANG VAR 67 - EMAS 17K - BUNGA TANJUNG GOLD,10.801.500,Pilih Lokal,4.9 Penilaian Toko,
GELANG RANTAI PAPERCLIP VARIASI - EMAS 17K - BUNGA TANJUNG GOLD,10.060.000,Pilih Lokal,4.8,85 terjual
GELANG BAGUETTE LUXE - SDW GOLD - EMAS 18K - BUNGA TANJUNG GOLD,7.949.000,Pilih Lokal,4.9,31 terjual
GELANG SERUT FLOWER STAR BLINK - EMAS 17K - BUNGA TANJUNG GOLD,5.713.000,Pilih Lokal,4.9 Penilaian Toko,
CINCIN STARDUST - EMAS 17K - BUNGA TANJUNG GOLD,2.772.000,Pilih Lokal,4.9 Penilaian Toko,
GELANG PAPERCLIP ROUND LOVE - EMAS 17K - BUNGA TANJUNG GOLD,9.191.000,Pilih Lokal,4.9 Penilaian Toko,
GELANG SISIK NAGA PLAT BLINK - EMAS 17K - BUNGA TANJUNG GOLD,31.595.000,Pilih Lokal,4.9 Penilaian Toko,
GELANG GOLDEN CALESTIA A - EMAS 17K - BUNGA TANJUNG GOLD,32.789.000,Pilih Lokal,4.9 Penilaian Toko,
GELANG SERUT KIARA SOLITAIRE - EMAS 17K - BUNGA TANJUNG GOLD,4.720.000,Pilih Lokal,5.0,1 terjual
GELANG BANGLE SEASHELL DA-YUNG - EMAS 17K - BUNGA TANJUNG GOLD,9.439.000,Pilih Lokal,4.9 Penilaian Toko,
GELANG SERUT SOLITAIRE RABBIT - EMAS 17K - BUNGA TANJUNG GOLD,6.031.000,Pilih Lokal,5.0,1 terjual
GELANG KEPANG SHIMMER I - EMAS 17K - BUNGA TANJUNG GOLD,26.951.000,Pilih Lokal,4.9 Penilaian Toko,
GELANG BANGLE KIANA INIFINITY CHARM - EMAS 17K - BUNGA TANJUNG GOLD,17.388.000,Pilih Lokal,4.9 Penilaian Toko,
GELANG RANTAI OVALINE - EMAS 17K - BUNGA TANJUNG GOLD,28.690.000,Pilih Lokal,4.9 Penilaian Toko,
GELANG BANGLE POLOS OVAL B - EMAS 17K - BUNGA TANJUNG GOLD,13.482.000,Pilih Lokal,5.0,5 terjual
GELANG BANGLE PITA SHIMMER - EMAS 17K - BUNGA TANJUNG GOLD,8.653.000,Pilih Lokal,5.0,2 terjual
GELANG CHOKER LAYER BOBBA - EMAS 17K - BUNGA TANJUNG GOLD,17.305.000,Pilih Lokal,4.9 Penilaian Toko,
GELANG BANGLE BOBBA BUBBLE POP B - EMAS 17K - BUNGA TANJUNG GOLD,17.436.000,Pilih Lokal,4.9 Penilaian Toko,
GELANG HOLLOW LOVE DAUN - EMAS 17K - BUNGA TANJUNG GOLD,7.079.000,Pilih Lokal,4.9 Penilaian Toko,
GELANG ELASTIS SNOWBALL - EMAS 17K - BUNGA TANJUNG GOLD,15.327.000,Pilih Lokal,5.0,29 terjual
GELANG HOLLOW KEPANG RINGAN HATI B - EMAS 17K - BUNGA TANJUNG GOLD,7.211.000,Pilih Lokal,4.9 Penilaian Toko,
GELANG GELANG HOLLOW BOBBA PEARL YU - EMAS 17K - BUNGA TANJUNG GOLD,6.817.000,Pilih Lokal,4.9 Penilaian Toko,
GELANG KIDS ANAK DISNEY DAISY DUCK - EMAS 17K - BUNGA TANJUNG GOLD,5.900.000,,4.9 Penilaian Toko,
GELANG BANGLE KIANA INFINITY - EMAS 17K - BUNGA TANJUNG GOLD,9.315.000,Pilih Lokal,4.9 Penilaian Toko,
GELANG OVALIS CHAIN BOLD - EMAS 18K - BUNGA TANJUNG GOLD,9.067.000,Pilih Lokal,4.9 Penilaian Toko,
GELANG KIDS ANAK BOBBA PENGUIN - EMAS 17K - BUNGA TANJUNG GOLD,5.244.000,Pilih Lokal,4.9 Penilaian Toko,
GELANG FASHION BANGLE T SLIM - EMAS 17K - BUNGA TANJUNG GOLD,24.490.000,Pilih Lokal,4.9 Penilaian Toko,
GELANG NEW ARRIVAL 3 - EMAS 17K - BUNGA TANJUNG GOLD,23.225.000,Pilih Lokal,4.9 Penilaian Toko,
CINCIN ARUNA TWIN BAR  BOLD - EMAS 18K - BUNGA TANJUNG GOLD,6.426.000,Pilih Lokal,4.9 Penilaian Toko,
GELANG KUNIA PLAT BLINK - EMAS 17K - BUNGA TANJUNG GOLD,7.079.000,Pilih Lokal,4.9 Penilaian Toko,
GELANG HOLLOW VAR HATI - EMAS 17K - BUNGA TANJUNG GOLD,9.177.000,Pilih Lokal,4.9 Penilaian Toko,
GELANG CLOVER C - EMAS 17K - BUNGA TANJUNG GOLD,4.968.000,,4.9 Penilaian Toko,
GELANG KIDS ANAK HELLO KITTY BELL- EMAS 17K - BUNGA TANJUNG GOLD,6.086.000,,4.9 Penilaian Toko,
CINCIN BUBBLE BOBBA UNLIMITED BOLD - EMAS 18K - BUNGA TANJUNG GOLD,6.930.000,Pilih Lokal,4.9 Penilaian Toko,
GELANG BANGLE POLOS WAVE B - EMAS 17K - BUNGA TANJUNG GOLD,25.040.000,Pilih Lokal,4.9 Penilaian Toko,
GELANG SERUT KENIA BLINK DISCO - EMAS 17K - BUNGA TANJUNG GOLD,6.086.000,Pilih Lokal,4.9 Penilaian Toko,
GELANG BANGLE TINJU TETES BS  - EMAS 17K - BUNGA TANJUNG GOLD,27.076.000,Pilih Lokal,4.9 Penilaian Toko,
GELANG BANGLE KIDS ANAK MICKEY HAT - EMAS 17K - BUNGA TANJUNG GOLD,4.471.000,,4.9 Penilaian Toko,
GELANG BANGLE T - EMAS 17K - BUNGA TANJUNG GOLD,19.908.000,Pilih Lokal,4.7,17 terjual
GELANG SERUT MOON BALL ARSIR - EMAS 17K - BUNGA TANJUNG GOLD,4.099.000,Pilih Lokal,4.9 Penilaian Toko,
GELANG BANGLE PEARLY A -  EMAS 17K - BUNGA TANJUNG GOLD,8.915.000,Pilih Lokal,4.9 Penilaian Toko,
GELANG PITA C BOLD - EMAS 18K - BUNGA TANJUNG GOLD,7.743.000,Pilih Lokal,5.0,2 terjual
GELANG BANGLE HOLLOW PAPERCLIP B - EMAS 17K - BUNGA TANJUNG GOLD,41.952.000,Pilih Lokal,4.9 Penilaian Toko,
GELANG SERUT TETES SHIMMER BLINK - EMAS 17K - BUNGA TANJUNG GOLD,8.259.000,Pilih Lokal,4.9 Penilaian Toko,
GELANG BANGLE HOLLOW LUXURY - EMAS 17K - BUNGA TANJUNG GOLD,19.403.000,Pilih Lokal,4.9 Penilaian Toko,
GELANG RANTAI PAPERCLIP CHRISTMAS - EMAS 17K - BUNGA TANJUNG GOLD,17.015.000,Pilih Lokal,4.9 Penilaian Toko,
GELANG CLOVER BUNGA 1 HITAM B - EMAS 17K - BUNGA TANJUNG GOLD,5.166.000,Pilih Lokal,4.8,11 terjual
GELANG RANTAI CHRISTMAS LY A - EMAS 17K - BUNGA TANJUNG GOLD,10.126.000,Pilih Lokal,4.9 Penilaian Toko,
GELANG BANGLE POLOS CLOVER RINGAN - EMAS 17K - BUNGA TANJUNG GOLD,9.315.000,Pilih Lokal,4.9 Penilaian Toko,
GELANG RANTAI PLAT BULAT C - EMAS 17K - BUNGA TANJUNG GOLD,14.945.000,Pilih Lokal,5.0,3 terjual
GELANG KIDS ANAK BANGLE CINDERELLA - EMAS 17K - BUNGA TANJUNG GOLD,5.244.000,Pilih Lokal,4.9 Penilaian Toko,
GELANG CHOKER GELOMBANG - EMAS 17K - BUNGA TANJUNG GOLD,6.334.000,Pilih Lokal,4.9,36 terjual
GELANG VAR 54 - EMAS 17K - BUNGA TANJUNG GOLD,7.872.000,Pilih Lokal,4.9 Penilaian Toko,
GELANG SANRIO LITTLE TWIN STAR B - EMAS 17K - BUNGA TANJUNG GOLD,5.589.000,,4.9 Penilaian Toko,
GELANG KIDS ANAK KUROMI C - EMAS 17K - BUNGA TANJUNG GOLD,6.210.000,,4.9 Penilaian Toko,
GELANG RANTAI CHRISTMAS LY B - EMAS 17K - BUNGA TANJUNG GOLD,10.783.000,Pilih Lokal,4.9 Penilaian Toko,
GELANG KIDS ANAK BANGLE BELLE - EMAS 17K - BUNGA TANJUNG GOLD,5.900.000,Pilih Lokal,4.9 Penilaian Toko,
GELANG SERUT TWIN PAKU - EMAS 17K - BUNGA TANJUNG GOLD,7.933.000,Pilih Lokal,4.9 Penilaian Toko,
GELANG BANGLE KIANA CLOVER - EMAS 17K - BUNGA TANJUNG GOLD,9.688.000,Pilih Lokal,4.9 Penilaian Toko,
GELANG KIDS ANAK HELLO KITTY PITBELL - EMAS 17K - BUNGA TANJUNG GOLD,5.837.000,,4.9 Penilaian Toko,
GELANG MAGNOLIA TWIST - EMAS 17K - BUNGA TANJUNG GOLD,19.624.000,Pilih Lokal,4.9 Penilaian Toko,
GELANG BANGLE HERME SIMPUL BOLD - EMAS 18K - BUNGA TANJUNG GOLD,13.421.000,Pilih Lokal,4.9 Penilaian Toko,
GELANG KIDS ANAK BANGLE ELSA - EMAS 17K - BUNGA TANJUNG GOLD,6.031.000,Pilih Lokal,5.0,1 terjual
GELANG RUMBAI SWEET RIBBON KEY - EMAS 17K - BUNGA TANJUNG GOLD,21.991.000,,4.9 Penilaian Toko,
GELANG VAR 29 - EMAS 17K - BUNGA TANJUNG GOLD,5.879.000,Pilih Lokal,4.9 Penilaian Toko,
GELANG OMBRE BINTANG - EMAS 17K - BUNGA TANJUNG GOLD,5.768.000,,4.9 Penilaian Toko,
GELANG KIDS ANAK HELLO KITTY TETES - EMAS 17K - BUNGA TANJUNG GOLD,6.831.000,,4.9 Penilaian Toko,
GELANG SISIK NAGA VARIASI F - EMAS 17K - BUNGA TANJUNG GOLD,19.927.000,Pilih Lokal,5.0,1 terjual
GELANG RANTAI SEGITIGA - EMAS 17K - BUNGA TANJUNG GOLD,20.714.000,Pilih Lokal,4.9 Penilaian Toko,
GELANG BANGLE TINJU PLAT BLINK A - EMAS 17K - BUNGA TANJUNG GOLD,35.397.000,Pilih Lokal,1.0,1 terjual
GELANG RANTAI CHRISTMAS LY C - EMAS 17K - BUNGA TANJUNG GOLD,10.126.000,Pilih Lokal,4.9 Penilaian Toko,
GELANG KIDS ANAK BANGLE MELODY A - EMAS 17K - BUNGA TANJUNG GOLD,6.817.000,Pilih Lokal,4.9 Penilaian Toko,
GELANG SERUT KOIN ARSIR - EMAS 17K - BUNGA TANJUNG,5.544.000,Pilih Lokal,4.9,17 terjual
GELANG KIDS ANAK BANGLE HELLO KITTY WATERMELON - EMAS 17K - BUNGA TANJUNG GOLD,6.293.000,,4.9 Penilaian Toko,
GELANG NEW ARRIVAL 13 - EMAS 17K - BUNGA TANJUNG GOLD,14.159.000,Pilih Lokal,4.9 Penilaian Toko,
CINCIN RABBIT DOLL BOLD - EMAS 18K - BUNGA TANJUNG GOLD,5.796.000,Pilih Lokal,4.9 Penilaian Toko,
GELANG BANGLE ARSIR BUBBLE BOBA POP - EMAS 17K - BUNGA TANJUNG GOLD,36.515.000,Pilih Lokal,4.9 Penilaian Toko,
GELANG BANGLE TETES SLIM - EMAS 17K- BUNGA TANJUNG GOLD,13.165.000,Pilih Lokal,5.0,2 terjual
GELANG SERUT LUXURY - EMAS 17K - BUNGA TANJUNG GOLD,7.809.000,Pilih Lokal,4.9,154 terjual
GELANG KIDS ANAK FROZEN ELSA - EMAS 17K - BUNGA TANJUNG GOLD,7.700.000,,4.9 Penilaian Toko,
GELANG BANGLE POLOS OVAL A - EMAS 17K - BUNGA TANJUNG GOLD,17.830.000,Pilih Lokal,5.0,2 terjual
CINCIN RANTAI BOLD - EMAS 18K - BUNGA TANJUNG GOLD,6.426.000,Pilih Lokal,4.9 Penilaian Toko,
GELANG WIRA SISIK NAGA HOLLOW ARSIR - EMAS 17K - BUNGA TANJUNG GOLD,5.713.000,Pilih Lokal,5.0,1 terjual
GELANG KIDS ANAK DISNEY DAISY DUCK FLOWER - EMAS 17K - BUNGA TANJUNG GOLD,5.465.000,,4.9 Penilaian Toko,
GELANG SERUT FASHION KATAK B - EMAS 17K - BUNGA TANJUNG GOLD,13.634.000,Pilih Lokal,4.9 Penilaian Toko,
GELANG SERUT HATI SNOWBALL - EMAS 17K - BUNGA TANJUNG GOLD,9.439.000,Pilih Lokal,4.9 Penilaian Toko,
GELANG BOBBA BUBBLE POP VAR HATI PITA B - EMAS 17K - BUNGA TANJUNG GOLD,23.074.000,Pilih Lokal,5.0,1 terjual
GELANG RUMBAI MICKEY MOUSE - EMAS 17K - BUNGA TANJUNG GOLD,4.982.000,,4.9 Penilaian Toko,
GELANG SERUT DISNEY MICKEY HOLOGRAM - EMAS 17K - BUNGA TANJUNG GOLD,8.390.000,3 terjual,5.0,
GELANG PAPERCLIP VARIASI C - EMAS 17K - BUNGA TANJUNG GOLD,36.970.000,Pilih Lokal,5.0,2 terjual
GELANG KIDS ANAK DISNEY MICKEY MINNIE C - EMAS 17K - BUNGA TANJUNG GOLD,5.506.000,,4.9 Penilaian Toko,
CINCIN UNTIR TINJU BOLA BOLD - EMAS 18K - BUNGA TANJUNG GOLD,5.922.000,Pilih Lokal,4.9 Penilaian Toko,
GELANG SUPER FLAT KUPU KUPU - EMAS 17K - BUNGA TANJUNG GOLD,8.784.000,Pilih Lokal,4.9 Penilaian Toko,
GELANG SERUT TAS WARNA - EMAS17K - BUNGA TANJUNG GOLD,8.259.000,Pilih Lokal,4.9 Penilaian Toko,
GELANG KIDS ANAK MELODY BULAT - EMAS 17K - BUNGA TANJUNG GOLD,8.784.000,Pilih Lokal,4.9 Penilaian Toko,
GELANG 91 - EMAS 17K - BUNGA TANJUNG GOLD,6.636.000,Pilih Lokal,5.0,2 terjual
GELANG SERUT WILLOW LEAF DAUN B - EMAS 17K - BUNGA TANJUNG GOLD,9.646.000,Pilih Lokal,5.0,4 terjual
GELANG BANGLE KIARA LISTRING - EMAS 17K - BUNGA TANJUNG GOLD,20.714.000,Pilih Lokal,4.9 Penilaian Toko,
GELANG SERUT PLAT LISTRING - EMAS 17K - BUNGA TANJUNG GOLD,9.964.000,Pilih Lokal,4.9 Penilaian Toko,
GELANG HOLLOW VAR PITA - EMAS 17K - BUNGA TANJUNG GOLD,9.701.000,Pilih Lokal,4.9 Penilaian Toko,
GELANG SERUT HOLLOW VAR KOTAK - EMAS 17K - BUNGA TANJUNG GOLD,8.942.000,Pilih Lokal,4.9 Penilaian Toko,
GELANG BANGLE PIRAMID - EMAS 17K - BUNGA TANJUNG GOLD,28.711.000,Pilih Lokal,4.9 Penilaian Toko,
GELANG KIDS ANAK HELLO KITTY SANRIO - EMAS 17K - BUNGA TANJUNG GOLD,5.837.000,,4.9 Penilaian Toko,
GELANG RANTAI PLAT BOLA SHIMMER - EMAS 17K - BUNGA TANJUNG GOLD,15.994.000,Pilih Lokal,4.9 Penilaian Toko,
GELANG SERUT SISIK NAGA SQUARE - EMAS 17K - BUNGA TANJUNG GOLD,8.442.000,Pilih Lokal,5.0,20 terjual
GELANG KIDS ANAK MELODY FLOWER - EMAS 17K - BUNGA TANJUNG GOLD,5.506.000,Pilih Lokal,4.9 Penilaian Toko,
GELANG GEOMETRI EMAS 17K BUNGA TANJUNG GOLD,26.334.000,Pilih Lokal,5.0,9 terjual
GELANG SERUT BOLA CLOVER WARNA - EMAS 17K - BUNGA TANJUNG GOLD,8.259.000,Pilih Lokal,4.9 Penilaian Toko,
GELANG PAPERCLIP RUMBAI HATI TOSCA LY- EMAS 17K - BUNGA TANJUNG GOLD,18.599.000,Pilih Lokal,4.9 Penilaian Toko,
GELANG BANGLE FLAT BOLA SHIMMER B - EMAS 17K - BUNGA TANJUNG GOLD,38.281.000,Pilih Lokal,4.9 Penilaian Toko,
CINCIN FLOWER CLAP BOLD - EMAS 18K - BUNGA TANJUNG GOLD,5.292.000,Pilih Lokal,4.9 Penilaian Toko,
GELANG BANGLE HATI BLINK A - EMAS 17K - BUNGA TANJUNG GOLD,9.439.000,Pilih Lokal,4.9 Penilaian Toko,
GELANG UNTIR VAR BUNGA - EMAS 17K - BUNGA TANJUNG GOLD,6.686.000,Pilih Lokal,4.9 Penilaian Toko,
GELANG ANAK HELLO KITTY TETES - EMAS 17K - BUNGA TANJUNG GOLD,7.342.000,,4.9 Penilaian Toko,
GELANG RANTAI PLAT VARIASI MATAHARI - EMAS 17K - BUNGA TANJUNG GOLD,13.110.000,Pilih Lokal,4.9 Penilaian Toko,
GELANG UNLIMITED LEAF BLINK - EMAS 17K - BUNGA TANJUNG GOLD,33.907.000,Pilih Lokal,4.9 Penilaian Toko,
GELANG SISIK NAGA RINGAN VARIASI B - EMAS 17K - BUNGA TANJUNG GOLD,8.390.000,Pilih Lokal,4.9 Penilaian Toko,
GELANG SANRIO LITTLE TWIN STAR A - EMAS 17K - BUNGA TANJUNG GOLD,5.216.000,,4.9 Penilaian Toko,
GELANG SERUT PADLOCK - EMAS 17K - BUNGA TANJUNG GOLD,7.452.000,Pilih Lokal,4.9 Penilaian Toko,
GELANG SERUT HATI 3 BLINK - EMAS 17K - BUNGA TANJUNG GOLD,9.439.000,Pilih Lokal,4.9 Penilaian Toko,
GELANG SISIK NAGA RINGAN BOBBA - EMAS 17K - BUNGA TANJUNG GOLD,8.915.000,Pilih Lokal,4.9 Penilaian Toko,
GELANG BANGLE PEARLY B -  EMAS 17K - BUNGA TANJUNG GOLD,8.653.000,Pilih Lokal,4.9 Penilaian Toko,
GELANG VAR BULAT - EMAS 17K - BUNGA TANJUNG GOLD,9.439.000,Pilih Lokal,4.9 Penilaian Toko,
GELANG SERUT PITA WARNA - EMAS 17K - BUNGA TANJUNG GOLD,5.768.000,Pilih Lokal,4.9 Penilaian Toko,
GELANG KIDS HELLO KITTY B - EMAS 17K - BUNGA TANJUNG GOLD,7.342.000,,4.9 Penilaian Toko,
GELANG KIDS ANAK DISNEY MICKEY BOBBA - EMAS 17K - BUNGA TANJUNG GOLD,6.583.000,,4.9 Penilaian Toko,
GELANG KOIN PLAT SHIMMER - EMAS 17K - BUNGA TANJUNG GOLD,8.653.000,Pilih Lokal,4.9 Penilaian Toko,
GELANG FASHION PAPERCLIP UNTIR - EMAS 17K - BUNGA TANJUNG GOLD,17.305.000,Pilih Lokal,4.0,1 terjual
GELANG SERUT PAPERCLIP CLOVER - EMAS 17K - BUNGA TANJUNG GOLD,5.702.000,Pilih Lokal,5.0,97 terjual
GELANG CHOKER SERUT - EMAS 17K - BUNGA TANJUNG GOLD,13.015.000,Pilih Lokal,5.0,68 terjual
GELANG SERUT ARSIR - EMAS 17K - BUNGA TANJUNG GOLD,8.924.000,Pilih Lokal,4.9,118 terjual
GELANG TALI BUNGA TERATAI CHARM - EMAS 23K - BUNGA TANJUNG GOLD,378.000,Pilih Lokal,4.9,224 terjual
GELANG EMAS CARISSA TWIST CHAIN - EMAS 17K - BUNGA TANJUNG GOLD,1.050.000,Pilih Lokal,4.9,20 terjual
GELANG SERUT CLOVER DISCO - EMAS 17K - BUNGA TANJUNG GOLD,9.048.000,Pilih Lokal,4.8,87 terjual
GELANG 2 LAYER SANTA BOLA VARIASI - EMAS 17K - BUNGA TANJUNG GOLD,10.040.000,Pilih Lokal,5.0,11 terjual
