"contents href","_image_yazkc_11 src","whitespace-normal","font-medium 2","inline-block","truncate","truncate 2"
"https://shopee.co.id/KALUNG-ITALY-SANTA-DEWASA-UNISEX-EMAS-17K-BUNGA-TANJUNG-GOLD-i.48895190.12907109035?extraParams=%7B%22display_model_id%22%3A261666884442%2C%22model_selection_logic%22%3A3%7D","https://down-id.img.susercontent.com/file/id-11134207-8224q-mkqhltgoncp1a7","KALUNG ITALY SANTA DEWASA UNISEX - EMAS 17K - BUNGA TANJUNG GOLD","5.056.000","4.9","2RB+ terjual",""
"https://shopee.co.id/KALUNG-LY-FASHION-CLOVER-RAINBOW-C-EMAS-17K-BUNGA-TANJUNG-GOLD-i.48895190.25071793289?extraParams=%7B%22display_model_id%22%3A425835776924%2C%22model_selection_logic%22%3A3%7D","https://down-id.img.susercontent.com/file/id-11134207-8224y-mkt2vnnek3cy02","KALUNG LY FASHION CLOVER RAINBOW C - EMAS 17K - BUNGA TANJUNG GOLD","12.806.000","4.9","43 terjual",""
"https://shopee.co.id/KALUNG-CLOVER-C-EMAS-17K-BUNGA-TANJUNG-GOLD-i.48895190.22166820903?extraParams=%7B%22display_model_id%22%3A290846904073%2C%22model_selection_logic%22%3A3%7D","https://down-id.img.susercontent.com/file/id-11134207-7r98x-lmpkw3bvinmndc","KALUNG CLOVER C - EMAS 17K - BUNGA TANJUNG GOLD","7.560.000","4.8","Pilih Lokal","48 terjual"
"https://shopee.co.id/KALUNG-RANTAI-HOLLOW-EMAS-17K-BUNGA-TANJUNG-GOLD-i.48895190.19159583231?extraParams=%7B%22display_model_id%22%3A276712438842%2C%22model_selection_logic%22%3A3%7D","https://down-id.img.susercontent.com/file/id-11134207-8224r-mkrji2h2mu4g97","KALUNG RANTAI HOLLOW - EMAS 17K - BUNGA TANJUNG GOLD","2.772.000","4.9","Pilih Lokal","405 terjual"
"https://shopee.co.id/KALUNG-HOLLOW-PAPERCLIP-EMAS-17K-BUNGA-TANJUNG-GOLD-i.48895190.21347894956?extraParams=%7B%22display_model_id%22%3A445891669419%2C%22model_selection_logic%22%3A3%7D","https://down-id.img.susercontent.com/file/id-11134207-8224s-mkuj01ibdddu37","KALUNG HOLLOW PAPERCLIP - EMAS 17K - BUNGA TANJUNG GOLD","5.454.000","4.9","Pilih Lokal","362 terjual"
"https://shopee.co.id/KALUNG-HOLLOW-TETES-A-EMAS-17K-BUNGA-TANJUNG-GOLD-i.48895190.28860991020?extraParams=%7B%22display_model_id%22%3A440735169890%2C%22model_selection_logic%22%3A3%7D","https://down-id.img.susercontent.com/file/id-11134207-822wj-mnz6j4oj6kg050","KALUNG HOLLOW TETES A - EMAS 17K - BUNGA TANJUNG GOLD","4.032.000","4.9","Pilih Lokal","138 terjual"
"https://shopee.co.id/KALUNG-HOLLOW-LUXURY-EMAS-17K-BUNGA-TANJUNG-GOLD-i.48895190.41410520579?extraParams=%7B%22display_model_id%22%3A350860359883%2C%22model_selection_logic%22%3A3%7D","https://down-id.img.susercontent.com/file/id-11134207-7ra0p-mcojwhnm3cfse9","KALUNG HOLLOW LUXURY - EMAS 17K - BUNGA TANJUNG GOLD","5.292.000","5.0","Pilih Lokal","5 terjual"
"https://shopee.co.id/KALUNG-CLOVER-L-EMAS-17K-BUNGA-TANJUNG-GOLD-i.48895190.16895311757?extraParams=%7B%22display_model_id%22%3A270384344793%2C%22model_selection_logic%22%3A3%7D","https://down-id.img.susercontent.com/file/id-11134207-822wl-mlysjkgot0jk91","KALUNG CLOVER L - EMAS 17K - BUNGA TANJUNG GOLD","9.702.000","4.5","Pilih Lokal","46 terjual"
"https://shopee.co.id/KALUNG-VAR-44-EMAS-17K-BUNGA-TANJUNG-GOLD-i.48895190.29531243401?extraParams=%7B%22display_model_id%22%3A272612821342%2C%22model_selection_logic%22%3A3%7D","https://down-id.img.susercontent.com/file/id-11134207-822wl-mo6bkkz1f11g55","KALUNG VAR 44 - EMAS 17K - BUNGA TANJUNG GOLD","9.983.250","5.0","Pilih Lokal","6 terjual"
"https://shopee.co.id/KALUNG-VAR-42-EMAS-17K-BUNGA-TANJUNG-GOLD-i.48895190.28080584329?extraParams=%7B%22display_model_id%22%3A405913445932%2C%22model_selection_logic%22%3A3%7D","https://down-id.img.susercontent.com/file/id-11134207-822wi-mo6bkkz1f11dfd","KALUNG VAR 42 - EMAS 17K - BUNGA TANJUNG GOLD","9.027.850","4.9 Penilaian Toko","Pilih Lokal",""
"https://shopee.co.id/KALUNG-VAR-37-EMAS-17K-BUNGA-TANJUNG-GOLD-i.48895190.42854391151?extraParams=%7B%22display_model_id%22%3A277612512377%2C%22model_selection_logic%22%3A3%7D","https://down-id.img.susercontent.com/file/id-11134207-822wl-mo6b392bzsw46d","KALUNG VAR 37 - EMAS 17K - BUNGA TANJUNG GOLD","9.346.600","2.0","Pilih Lokal","3 terjual"
"https://shopee.co.id/KALUNG-CLOVER-ARSIR-2-WARNA-EMAS-17K-BUNGA-TANJUNG-GOLD-i.48895190.22959292874?extraParams=%7B%22display_model_id%22%3A138270561765%2C%22model_selection_logic%22%3A3%7D","https://down-id.img.susercontent.com/file/id-11134207-822wt-ml8r23ct4sug54","KALUNG CLOVER ARSIR 2 WARNA - EMAS 17K - BUNGA TANJUNG GOLD","18.522.000","3.7","Pilih Lokal","6 terjual"
"https://shopee.co.id/KALUNG-VAR-43-EMAS-17K-BUNGA-TANJUNG-GOLD-i.48895190.40454688545?extraParams=%7B%22display_model_id%22%3A355913528095%2C%22model_selection_logic%22%3A3%7D","https://down-id.img.susercontent.com/file/id-11134207-822wo-mo6bkkz1dmh000","KALUNG VAR 43 - EMAS 17K - BUNGA TANJUNG GOLD","9.346.600","4.9 Penilaian Toko","Pilih Lokal",""
"https://shopee.co.id/KALUNG-KIDS-ANAK-HELLO-KITTY-B-EMAS-17K-BUNGA-TANJUNG-GOLD-i.48895190.43605166412?extraParams=%7B%22display_model_id%22%3A285434901863%2C%22model_selection_logic%22%3A3%7D","https://down-id.img.susercontent.com/file/id-11134207-822wk-mllxqu833o5k0a","KALUNG KIDS ANAK HELLO KITTY B - EMAS 17K - BUNGA TANJUNG GOLD","7.182.000","4.9 Penilaian Toko","",""
"https://shopee.co.id/KALUNG-SERUT-CABLE-HOLLOW-BOLD-EMAS-18K-BUNGA-TANJUNG-GOLD-i.48895190.44205017620?extraParams=%7B%22display_model_id%22%3A265425744161%2C%22model_selection_logic%22%3A3%7D","https://down-id.img.susercontent.com/file/id-11134207-822wu-mn88bpr2h340aa","KALUNG SERUT CABLE HOLLOW BOLD - EMAS 18K - BUNGA TANJUNG GOLD","5.292.000","5.0","Pilih Lokal","5 terjual"
"https://shopee.co.id/KALUNG-CLOVER-ARSIR-LARGE-EMAS-17K-BUNGA-TANJUNG-GOLD-i.48895190.22989721428?extraParams=%7B%22display_model_id%22%3A255556099156%2C%22model_selection_logic%22%3A3%7D","https://down-id.img.susercontent.com/file/id-11134207-82251-mkuj01iberya82","KALUNG CLOVER ARSIR LARGE - EMAS 17K - BUNGA TANJUNG GOLD","34.146.000","4.9 Penilaian Toko","",""
"https://shopee.co.id/KALUNG-VAR-39-EMAS-17K-BUNGA-TANJUNG-GOLD-i.48895190.28281151849?extraParams=%7B%22display_model_id%22%3A310913752904%2C%22model_selection_logic%22%3A3%7D","https://down-id.img.susercontent.com/file/id-11134207-822wr-mo6b392bvl6s98","KALUNG VAR 39 - EMAS 17K - BUNGA TANJUNG GOLD","9.770.750","4.9 Penilaian Toko","Pilih Lokal",""
"https://shopee.co.id/KALUNG-KIDS-ANAK-PRINCESS-SNOW-WHITE-C-EMAS-17K-BUNGA-TANJUNG-GOLD-i.48895190.47610154103?extraParams=%7B%22display_model_id%22%3A186389276795%2C%22model_selection_logic%22%3A3%7D","https://down-id.img.susercontent.com/file/id-11134207-822wi-mnz3emcytkp22f","KALUNG KIDS ANAK PRINCESS SNOW WHITE C - EMAS 17K - BUNGA TANJUNG GOLD","7.560.000","4.9 Penilaian Toko","",""
"https://shopee.co.id/KALUNG-INISIAL-ALPHA-CHERI-EMAS-17K-BUNGA-TANJUNG-GOLD-i.48895190.40379123730?extraParams=%7B%22display_model_id%22%3A360619317183%2C%22model_selection_logic%22%3A3%7D","https://down-id.img.susercontent.com/file/id-11134207-822wl-mlli0jkwcgsk79","KALUNG INISIAL ALPHA CHERI - EMAS 17K - BUNGA TANJUNG GOLD","3.906.000","4.9","Pilih Lokal","40 terjual"
"https://shopee.co.id/KALUNG-FLOREN-OSCANO-SHIMMER-CLOVER-EMAS-17K-BUNGA-TANJUNG-GOLD-i.48895190.15042576712?extraParams=%7B%22display_model_id%22%3A145807933693%2C%22model_selection_logic%22%3A3%7D","https://down-id.img.susercontent.com/file/id-11134207-822wt-mnmhgxpqq32bca","KALUNG FLOREN OSCANO SHIMMER CLOVER - EMAS 17K - BUNGA TANJUNG GOLD","2.975.000","4.9","51 terjual",""
"https://shopee.co.id/KALUNG-ROSARIO-EMAS-17K-BUNGA-TANJUNG-GOLD-i.48895190.19022574788?extraParams=%7B%22display_model_id%22%3A129310257524%2C%22model_selection_logic%22%3A3%7D","https://down-id.img.susercontent.com/file/id-11134207-822wi-mma4h3tvbytdcb","KALUNG ROSARIO - EMAS 17K - BUNGA TANJUNG GOLD","15.476.000","5.0","Pilih Lokal","22 terjual"
"https://shopee.co.id/KALUNG-ULAR-A-EMAS-17K-BUNGA-TANJUNG-GOLD-i.48895190.41163821062?extraParams=%7B%22display_model_id%22%3A310791934147%2C%22model_selection_logic%22%3A3%7D","https://down-id.img.susercontent.com/file/id-11134207-822wm-mln0x876uxoh1d","KALUNG ULAR A - EMAS 17K - BUNGA TANJUNG GOLD","39.564.000","5.0","Pilih Lokal","1 terjual"
"https://shopee.co.id/KALUNG-SOLENE-ETERNA-BLOOM-SYIFA-HADJU-EMAS-17K-BUNGA-TANJUNG-GOLD-i.48895190.42980436422?extraParams=%7B%22display_model_id%22%3A325849017831%2C%22model_selection_logic%22%3A3%7D","https://down-id.img.susercontent.com/file/id-11134207-822wj-mnl0sbq5yh3642","KALUNG SOLENE ETERNA BLOOM - SYIFA HADJU - EMAS 17K - BUNGA TANJUNG GOLD","10.836.000","4.9 Penilaian Toko","Pilih Lokal",""
"https://shopee.co.id/KALUNG-SERUT-AUREL-EMAS-17K-BUNGA-TANJUNG-GOLD-i.48895190.13836157690?extraParams=%7B%22display_model_id%22%3A143213583849%2C%22model_selection_logic%22%3A3%7D","https://down-id.img.susercontent.com/file/id-11134207-822wl-mlyh32r5nh8ie6","KALUNG SERUT AUREL - EMAS 17K - BUNGA TANJUNG GOLD","13.356.000","4.8","Pilih Lokal","47 terjual"
"https://shopee.co.id/KALUNG-NAGITA-SOLITAIRE-RINGAN-B-EMAS-17K-BUNGA-TANJUNG-GOLD-i.48895190.24851885739?extraParams=%7B%22display_model_id%22%3A415585268573%2C%22model_selection_logic%22%3A3%7D","https://down-id.img.susercontent.com/file/id-11134207-822wl-mlvlyddb3fgg0a","KALUNG NAGITA SOLITAIRE RINGAN B - EMAS 17K - BUNGA TANJUNG GOLD","4.536.000","4.9","Pilih Lokal","51 terjual"
"https://shopee.co.id/KALUNG-POLOS-SERUT-RINGAN-EMAS-17K-BUNGA-TANJUNG-GOLD-i.48895190.16869984451?extraParams=%7B%22display_model_id%22%3A244081850931%2C%22model_selection_logic%22%3A3%7D","https://down-id.img.susercontent.com/file/id-11134207-8224p-mkrsr7n4n9jaac","KALUNG POLOS SERUT RINGAN - EMAS 17K - BUNGA TANJUNG GOLD","3.276.000","4.9","Pilih Lokal","1RB+ terjual"
"https://shopee.co.id/KALUNG-ULAR-B-EMAS-17K-BUNGA-TANJUNG-GOLD-i.48895190.26168374356?extraParams=%7B%22display_model_id%22%3A365787299577%2C%22model_selection_logic%22%3A3%7D","https://down-id.img.susercontent.com/file/id-11134207-7rasi-m2w1rhpy84zj41","KALUNG ULAR B - EMAS 17K - BUNGA TANJUNG GOLD","39.942.000","4.9 Penilaian Toko","Pilih Lokal",""
"https://shopee.co.id/KALUNG-FLOREA-EMAS-17K-BUNGA-TANJUNG-GOLD-i.48895190.44658580591?extraParams=%7B%22display_model_id%22%3A390758583124%2C%22model_selection_logic%22%3A3%7D","https://down-id.img.susercontent.com/file/id-11134207-822wj-mn2eyfy2rgud0c","KALUNG FLOREA - EMAS 17K - BUNGA TANJUNG GOLD","8.064.000","4.9 Penilaian Toko","Pilih Lokal",""
"https://shopee.co.id/KALUNG-KIDS-ANAK-KUROMI-EMAS-17K-BUNGA-TANJUNG-GOLD-i.48895190.24632481370?extraParams=%7B%22display_model_id%22%3A215187846327%2C%22model_selection_logic%22%3A3%7D","https://down-id.img.susercontent.com/file/id-11134207-822wk-mm5fvdflymmgec","KALUNG KIDS ANAK KUROMI - EMAS 17K - BUNGA TANJUNG GOLD","7.308.000","5.0","11 terjual",""
"https://shopee.co.id/KALUNG-KIZUNA-CLOVER-EMAS-17K-BUNGA-TANJUNG-GOLD-i.48895190.48110125203?extraParams=%7B%22display_model_id%22%3A335888298355%2C%22model_selection_logic%22%3A3%7D","https://down-id.img.susercontent.com/file/id-11134207-822wm-mnxtrqdx6fb627","KALUNG KIZUNA CLOVER - EMAS 17K - BUNGA TANJUNG GOLD","5.544.000","4.9 Penilaian Toko","",""
"https://shopee.co.id/KALUNG-KIPAS-POLOS-EMAS-17K-BUNGA-TANJUNG-GOLD-i.48895190.45459017445?extraParams=%7B%22display_model_id%22%3A390797878072%2C%22model_selection_logic%22%3A3%7D","https://down-id.img.susercontent.com/file/id-11134207-822wq-mn5hyhyihbsy58","KALUNG KIPAS POLOS- EMAS 17K - BUNGA TANJUNG GOLD","5.922.000","4.9 Penilaian Toko","Pilih Lokal",""
"https://shopee.co.id/KALUNG-ZEFIA-BLOOM-A-EMAS-17K-BUNGA-TANJUNG-GOLD-i.48895190.44759691078?extraParams=%7B%22display_model_id%22%3A330854757461%2C%22model_selection_logic%22%3A3%7D","https://down-id.img.susercontent.com/file/id-11134207-822wq-mnmldwm0rnk214","KALUNG ZEFIA BLOOM A - EMAS 17K - BUNGA TANJUNG GOLD","9.576.000","4.9 Penilaian Toko","Pilih Lokal",""
"https://shopee.co.id/KALUNG-FLOREA-B-EMAS-17K-BUNGA-TANJUNG-GOLD-i.48895190.55158628279?extraParams=%7B%22display_model_id%22%3A267528728347%2C%22model_selection_logic%22%3A3%7D","https://down-id.img.susercontent.com/file/id-11134207-822wl-mmx27yud5a86aa","KALUNG FLOREA B - EMAS 17K - BUNGA TANJUNG GOLD","7.308.000","4.9 Penilaian Toko","Pilih Lokal",""
"https://shopee.co.id/KALUNG-RANTAI-SHIMMER-FLOWER-EMAS-17K-BUNGA-TANJUNG-GOLD-i.48895190.43567662734?extraParams=%7B%22display_model_id%22%3A301455009013%2C%22model_selection_logic%22%3A3%7D","https://down-id.img.susercontent.com/file/id-11134207-81ztl-mea2rbkdrjet16","KALUNG RANTAI SHIMMER FLOWER - EMAS 17K - BUNGA TANJUNG GOLD","6.930.000","5.0","Pilih Lokal","2 terjual"
"https://shopee.co.id/KALUNG-SUPER-FLAT-HOLOGRAM-FLOWER-EMAS-17K-BUNGA-TANJUNG-GOLD-i.48895190.41375778931?extraParams=%7B%22display_model_id%22%3A415007479435%2C%22model_selection_logic%22%3A3%7D","https://down-id.img.susercontent.com/file/id-11134207-8224o-mg7ijr1mtma367","KALUNG SUPER FLAT HOLOGRAM FLOWER - EMAS 17K - BUNGA TANJUNG GOLD","13.860.000","5.0","Pilih Lokal","1 terjual"
"https://shopee.co.id/KALUNG-NAGITA-SOLITAIRE-RINGAN-EMAS-17K-BUNGA-TANJUNG-GOLD-i.48895190.18589166870?extraParams=%7B%22display_model_id%22%3A242069102898%2C%22model_selection_logic%22%3A3%7D","https://down-id.img.susercontent.com/file/id-11134207-822wu-mlvkzgxym4ua2e","KALUNG NAGITA SOLITAIRE RINGAN - EMAS 17K - BUNGA TANJUNG GOLD","4.662.000","4.9","Pilih Lokal","334 terjual"
"https://shopee.co.id/KALUNG-VAR-45-EMAS-17K-BUNGA-TANJUNG-GOLD-i.48895190.52007731856?extraParams=%7B%22display_model_id%22%3A350913600608%2C%22model_selection_logic%22%3A3%7D","https://down-id.img.susercontent.com/file/id-11134207-822wq-mo6bkkz1gflw2b","KALUNG VAR 45 - EMAS 17K - BUNGA TANJUNG GOLD","9.664.500","4.9 Penilaian Toko","Pilih Lokal",""
"https://shopee.co.id/KALUNG-CLOVER-ARSIR-BUNGA-5-EMAS-17K-BUNGA-TANJUNG-GOLD-i.48895190.27808251560?extraParams=%7B%22display_model_id%22%3A89625306151%2C%22model_selection_logic%22%3A3%7D","https://down-id.img.susercontent.com/file/id-11134207-822wo-mlwvg9tlq8sh45","KALUNG CLOVER ARSIR BUNGA 5 - EMAS 17K - BUNGA TANJUNG GOLD","12.852.000","4.9 Penilaian Toko","",""
"https://shopee.co.id/KALUNG-BOLA-GLITTER-EMAS-17K-BUNGA-TANJUNG-GOLD-i.48895190.13751552808?extraParams=%7B%22display_model_id%22%3A193830975961%2C%22model_selection_logic%22%3A3%7D","https://down-id.img.susercontent.com/file/d90ce8304a3d32d0c24f05130e0f1330","KALUNG BOLA GLITTER - EMAS 17K - BUNGA TANJUNG GOLD","9.324.000","4.9","Pilih Lokal","46 terjual"
"https://shopee.co.id/KALUNG-ANAK-ITALY-SANTA-EMAS-17K-BUNGA-TANJUNG-GOLD-i.48895190.13474926665?extraParams=%7B%22display_model_id%22%3A105298974734%2C%22model_selection_logic%22%3A3%7D","https://down-id.img.susercontent.com/file/id-11134207-822wr-mne7loepzwg226","KALUNG ANAK ITALY SANTA - EMAS 17K - BUNGA TANJUNG GOLD","5.285.000","4.9","260 terjual",""
"https://shopee.co.id/KALUNG-ALYA-CLOVER-PAPERCLIP-EMAS-17K-BUNGA-TANJUNG-GOLD-i.48895190.46210487928?extraParams=%7B%22display_model_id%22%3A435918455230%2C%22model_selection_logic%22%3A3%7D","https://down-id.img.susercontent.com/file/id-11134207-822wq-moch2iupybk9a4","KALUNG ALYA CLOVER PAPERCLIP - EMAS 17K - BUNGA TANJUNG GOLD","7.056.000","4.9 Penilaian Toko","",""
"https://shopee.co.id/KALUNG-SOLENE-NELDJU-SYIFA-HADJU-EMAS-17K-BUNGA-TANJUNG-GOLD-i.48895190.57459608612?extraParams=%7B%22display_model_id%22%3A234682373958%2C%22model_selection_logic%22%3A3%7D","https://down-id.img.susercontent.com/file/id-11134207-822wh-mnl4kd6aqrk345","KALUNG SOLENE NELDJU - SYIFA HADJU - EMAS 17K - BUNGA TANJUNG GOLD","7.560.000","4.9 Penilaian Toko","Pilih Lokal",""
"https://shopee.co.id/KALUNG-PELURU-ULAR-EMAS-17K-BUNGA-TANJUNG-GOLD-i.48895190.46908868500?extraParams=%7B%22display_model_id%22%3A315785884836%2C%22model_selection_logic%22%3A3%7D","https://down-id.img.susercontent.com/file/id-11134207-822wq-mn2emiq433er8e","KALUNG PELURU ULAR - EMAS 17K - BUNGA TANJUNG GOLD","34.776.000","4.9 Penilaian Toko","Pilih Lokal",""
"https://shopee.co.id/KALUNG-ARESO-BOBBA-SHIMMER-B-EMAS-17K-BUNGA-TANJUNG-GOLD-i.48895190.41271709169?extraParams=%7B%22display_model_id%22%3A266776261684%2C%22model_selection_logic%22%3A3%7D","https://down-id.img.susercontent.com/file/sg-11134201-824hv-mf4818vljx8q48","KALUNG ARESO BOBBA SHIMMER B - EMAS 17K - BUNGA TANJUNG GOLD","5.292.000","4.6","Pilih Lokal","5 terjual"
"https://shopee.co.id/KALUNG-KIDS-ANAK-HELLO-KITTY-AMPLOP-EMAS-17K-BUNGA-TANJUNG-GOLD-i.48895190.19392765188?extraParams=%7B%22display_model_id%22%3A214558920625%2C%22model_selection_logic%22%3A3%7D","https://down-id.img.susercontent.com/file/id-11134207-822wq-mllxqu82y1vsea","KALUNG KIDS ANAK HELLO KITTY AMPLOP - EMAS 17K - BUNGA TANJUNG GOLD","7.812.000","5.0","3 terjual",""
"https://shopee.co.id/CINCIN-TUNANGAN-SOLITAIRE-CHARLOTTE-EMAS-17K-BUNGA-TANJUNG-GOLD-i.48895190.42316872056?extraParams=%7B%22display_model_id%22%3A410381103306%2C%22model_selection_logic%22%3A3%7D","https://down-id.img.susercontent.com/file/id-11134207-822wu-mm5hrw0hyhvm24","CINCIN TUNANGAN SOLITAIRE CHARLOTTE - EMAS 17K - BUNGA TANJUNG GOLD","10.341.000","4.9","Pilih Lokal","41 terjual"
"https://shopee.co.id/KALUNG-KIDS-ANAK-ANIMALS-MARIE-EMAS-17K-BUNGA-TANJUNG-GOLD-i.48895190.52710002574?extraParams=%7B%22display_model_id%22%3A320883373639%2C%22model_selection_logic%22%3A3%7D","https://down-id.img.susercontent.com/file/id-11134207-822wj-mnwph0jx883k9b","KALUNG KIDS ANAK ANIMALS MARIE - EMAS 17K - BUNGA TANJUNG GOLD","4.788.000","4.9 Penilaian Toko","",""
"https://shopee.co.id/KALUNG-ULAR-LISTRING-C-EMAS-17K-BUNGA-TANJUNG-GOLD-i.48895190.42610375118?extraParams=%7B%22display_model_id%22%3A248676081469%2C%22model_selection_logic%22%3A3%7D","https://down-id.img.susercontent.com/file/sg-11134201-7rdvm-mcmabbzm63df3e","KALUNG ULAR LISTRING C - EMAS 17K - BUNGA TANJUNG GOLD","16.380.000","5.0","Pilih Lokal","6 terjual"
"https://shopee.co.id/KALUNG-VAR-52-EMAS-17K-BUNGA-TANJUNG-GOLD-i.48895190.56657741445?extraParams=%7B%22display_model_id%22%3A380897576557%2C%22model_selection_logic%22%3A3%7D","https://down-id.img.susercontent.com/file/id-11134207-822wh-mo0x4ppfpb7l8e","KALUNG VAR 52 - EMAS 17K - BUNGA TANJUNG GOLD","4.460.800","4.9 Penilaian Toko","Pilih Lokal",""
"https://shopee.co.id/KALUNG-HOLLOW-TETES-LIE-EMAS-17K-BUNGA-TANJUNG-GOLD-i.48895190.51309756294?extraParams=%7B%22display_model_id%22%3A375862187937%2C%22model_selection_logic%22%3A3%7D","https://down-id.img.susercontent.com/file/id-11134207-822wl-mno7040mdxc45e","KALUNG HOLLOW TETES LIE - EMAS 17K - BUNGA TANJUNG GOLD","5.796.000","4.9 Penilaian Toko","Pilih Lokal",""
"https://shopee.co.id/KALUNG-ZEFIA-BLOOM-B-EMAS-17K-BUNGA-TANJUNG-GOLD-i.48895190.45159679926?extraParams=%7B%22display_model_id%22%3A350854733290%2C%22model_selection_logic%22%3A3%7D","https://down-id.img.susercontent.com/file/id-11134207-822wt-mnmk9vweesxtc6","KALUNG ZEFIA BLOOM B - EMAS 17K - BUNGA TANJUNG GOLD","9.576.000","4.9 Penilaian Toko","Pilih Lokal",""
"https://shopee.co.id/KALUNG-KIDS-ANAK-MICKEY-MINNIE-PITA-EMAS-17K-BUNGA-TANJUNG-GOLD-i.48895190.52456969143?extraParams=%7B%22display_model_id%22%3A375623308295%2C%22model_selection_logic%22%3A3%7D","https://down-id.img.susercontent.com/file/id-11134207-822wk-mllzqihmeygz3d","KALUNG KIDS ANAK MICKEY MINNIE PITA - EMAS 17K - BUNGA TANJUNG GOLD","7.497.000","4.9 Penilaian Toko","",""
"https://shopee.co.id/KALUNG-CHOKER-LOVE-PEARL-EMAS-17K-BUNGA-TANJUNG-GOLD-i.48895190.42229931005?extraParams=%7B%22display_model_id%22%3A380758870781%2C%22model_selection_logic%22%3A3%7D","https://down-id.img.susercontent.com/file/id-11134207-822wl-mmvmxauzdxxh39","KALUNG CHOKER LOVE PEARL - EMAS 17K - BUNGA TANJUNG GOLD","14.364.000","4.9 Penilaian Toko","Pilih Lokal",""
"https://shopee.co.id/KALUNG-GOLDEN-LOVE-MINI-A-EMAS-18K-BUNGA-TANJUNG-GOLD-i.48895190.53508708086?extraParams=%7B%22display_model_id%22%3A395772844615%2C%22model_selection_logic%22%3A3%7D","https://down-id.img.susercontent.com/file/sg-11134201-81zux-mmzhtnox8qa053","KALUNG GOLDEN LOVE MINI A - EMAS 18K - BUNGA TANJUNG GOLD","7.560.000","5.0","Pilih Lokal","1 terjual"
"https://shopee.co.id/KALUNG-TANIA-BLINK-EMAS-17K-BUNGA-TANJUNG-GOLD-i.48895190.53860012186?extraParams=%7B%22display_model_id%22%3A315884060231%2C%22model_selection_logic%22%3A3%7D","https://down-id.img.susercontent.com/file/id-11134207-822wq-mnwrebiuhfr584","KALUNG TANIA BLINK - EMAS 17K - BUNGA TANJUNG GOLD","9.324.000","4.9 Penilaian Toko","",""
"https://shopee.co.id/KALUNG-SNOOPY-A-EMAS-17K-BUNGA-TANJUNG-GOLD-i.48895190.47451879663?extraParams=%7B%22display_model_id%22%3A435178609849%2C%22model_selection_logic%22%3A3%7D","https://down-id.img.susercontent.com/file/id-11134207-822wr-mlxdd8w4muiwa8","KALUNG SNOOPY A - EMAS 17K - BUNGA TANJUNG GOLD","5.796.000","4.9 Penilaian Toko","",""
"https://shopee.co.id/KALUNG-VAR-38-EMAS-17K-BUNGA-TANJUNG-GOLD-i.48895190.55556568418?extraParams=%7B%22display_model_id%22%3A340913506724%2C%22model_selection_logic%22%3A3%7D","https://down-id.img.susercontent.com/file/id-11134207-822wq-mo6b392bwzr858","KALUNG VAR 38 - EMAS 17K - BUNGA TANJUNG GOLD","8.709.100","5.0","Pilih Lokal","3 terjual"
"https://shopee.co.id/KALUNG-SIMPUL-JUNTAI-BOLA-EMAS-17K-BUNGA-TANJUNG-GOLD-i.48895190.50607143141?extraParams=%7B%22display_model_id%22%3A330637151801%2C%22model_selection_logic%22%3A3%7D","https://down-id.img.susercontent.com/file/id-11134207-822wh-mlrbdxi6n0g02e","KALUNG SIMPUL JUNTAI BOLA - EMAS 17K - BUNGA TANJUNG GOLD","5.544.000","5.0","Pilih Lokal","5 terjual"
"https://shopee.co.id/KALUNG-INFINITY-RING-HATI-BLINK-EMAS-17K-BUNGA-TANJUNG-GOLD-i.48895190.54357138124?extraParams=%7B%22display_model_id%22%3A385637101703%2C%22model_selection_logic%22%3A3%7D","https://down-id.img.susercontent.com/file/id-11134207-822wk-mlrbdxi30dmq16","KALUNG INFINITY RING HATI BLINK - EMAS 17K - BUNGA TANJUNG GOLD","6.174.000","4.9 Penilaian Toko","Pilih Lokal",""
"https://shopee.co.id/KALUNG-VAR-47-EMAS-17K-BUNGA-TANJUNG-GOLD-i.48895190.40779519274?extraParams=%7B%22display_model_id%22%3A335913657710%2C%22model_selection_logic%22%3A3%7D","https://down-id.img.susercontent.com/file/id-11134207-822wp-mo6bkkz1knb8f1","KALUNG VAR 47 - EMAS 17K - BUNGA TANJUNG GOLD","14.019.050","4.9 Penilaian Toko","Pilih Lokal",""
"https://shopee.co.id/GELANG-KIDS-ANAK-MELODY-EMAS-17K-BUNGA-TANJUNG-GOLD-i.48895190.23553259439?extraParams=%7B%22display_model_id%22%3A158347578319%2C%22model_selection_logic%22%3A3%7D","https://down-id.img.susercontent.com/file/id-11134207-7r98r-ll4qtmow18jo22","GELANG KIDS ANAK MELODY - EMAS 17K - BUNGA TANJUNG GOLD","6.031.000","4.9 Penilaian Toko","",""
"https://shopee.co.id/KALUNG-FLOWER-COLOR-BLOSSOM-LY-EMAS-17K-BUNGA-TANJUNG-GOLD-i.48895190.15625998106?extraParams=%7B%22display_model_id%22%3A345567068360%2C%22model_selection_logic%22%3A3%7D","https://down-id.img.susercontent.com/file/id-11134207-82252-mkudrhty8sg7e0","KALUNG FLOWER COLOR BLOSSOM LY - EMAS 17K - BUNGA TANJUNG GOLD","24.948.000","5.0","14 terjual",""
"https://shopee.co.id/KALUNG-TWIN-LAYER-MERICA-BOBBA-EMAS-17K-BUNGA-TANJUNG-GOLD-i.48895190.50508551937?extraParams=%7B%22display_model_id%22%3A355758738996%2C%22model_selection_logic%22%3A3%7D","https://down-id.img.susercontent.com/file/id-11134207-822wh-mmvlscoax4p4a3","KALUNG TWIN LAYER MERICA BOBBA - EMAS 17K - BUNGA TANJUNG GOLD","16.632.000","4.9 Penilaian Toko","Pilih Lokal",""
"https://shopee.co.id/KALUNG-VAR-61-EMAS-17K-BUNGA-TANJUNG-GOLD-i.48895190.52907898440?extraParams=%7B%22display_model_id%22%3A445897826024%2C%22model_selection_logic%22%3A3%7D","https://down-id.img.susercontent.com/file/id-11134207-822wi-mo0z0ily9xj66d","KALUNG VAR 61 - EMAS 17K - BUNGA TANJUNG GOLD","6.691.200","4.9 Penilaian Toko","Pilih Lokal",""
"https://shopee.co.id/KALUNG-EMORA-LOVE-EMAS-17K-BUNGA-TANJUNG-GOLD-i.48895190.50410469473?extraParams=%7B%22display_model_id%22%3A430918887336%2C%22model_selection_logic%22%3A3%7D","https://down-id.img.susercontent.com/file/id-11134207-822wk-mo7u4nsypmgxd0","KALUNG EMORA LOVE  - EMAS 17K - BUNGA TANJUNG GOLD","26.334.000","4.9 Penilaian Toko","",""
"https://shopee.co.id/KALUNG-VAR-35-EMAS-17K-BUNGA-TANJUNG-GOLD-i.48895190.57909498332?extraParams=%7B%22display_model_id%22%3A315913470154%2C%22model_selection_logic%22%3A3%7D","https://down-id.img.susercontent.com/file/id-11134207-822wr-mo6b392byebo40","KALUNG VAR 35 - EMAS 17K - BUNGA TANJUNG GOLD","9.559.100","4.9 Penilaian Toko","Pilih Lokal",""
"https://shopee.co.id/KALUNG-PAPERCLIP-EMAS-17K-BUNGA-TANJUNG-GOLD-i.48895190.11458722301?extraParams=%7B%22display_model_id%22%3A260981728771%2C%22model_selection_logic%22%3A3%7D","https://down-id.img.susercontent.com/file/id-11134207-822ws-mmn1agpcw9hde5","KALUNG PAPERCLIP - EMAS 17K - BUNGA TANJUNG GOLD","38.304.000","5.0","Pilih Lokal","26 terjual"
"https://shopee.co.id/KALUNG-VAR-123-EMAS-17K-BUNGA-TANJUNG-GOLD-i.48895190.18695493805?extraParams=%7B%22display_model_id%22%3A345745094667%2C%22model_selection_logic%22%3A3%7D","https://down-id.img.susercontent.com/file/id-11134207-822wi-mmsl9y7y835v07","KALUNG VAR 123 - EMAS 17K - BUNGA TANJUNG GOLD","7.153.000","4.9 Penilaian Toko","Pilih Lokal",""
"https://shopee.co.id/KALUNG-VAR-46-EMAS-17K-BUNGA-TANJUNG-GOLD-i.48895190.54057745536?extraParams=%7B%22display_model_id%22%3A370913636214%2C%22model_selection_logic%22%3A3%7D","https://down-id.img.susercontent.com/file/id-11134207-822wh-mo6bkkz1j8qsc8","KALUNG VAR 46 - EMAS 17K - BUNGA TANJUNG GOLD","8.602.850","4.9 Penilaian Toko","",""
"https://shopee.co.id/KALUNG-SOLENE-LOFA-FLOWER-SYIFA-HADJU-EMAS-17K-BUNGA-TANJUNG-GOLD-i.48895190.44430436623?extraParams=%7B%22display_model_id%22%3A420849213221%2C%22model_selection_logic%22%3A3%7D","https://down-id.img.susercontent.com/file/id-11134207-822wm-mnl1ll8mvm6c31","KALUNG SOLENE LOFA FLOWER - SYIFA HADJU - EMAS 17K - BUNGA TANJUNG GOLD","11.970.000","4.9 Penilaian Toko","Pilih Lokal",""
"https://shopee.co.id/KALUNG-PERONA-FLOWER-C-EMAS-17K-BUNGA-TANJUNG-GOLD-i.48895190.43130530041?extraParams=%7B%22display_model_id%22%3A375864193694%2C%22model_selection_logic%22%3A3%7D","https://down-id.img.susercontent.com/file/id-11134207-822wi-mnp5bgxq13wm51","KALUNG PERONA FLOWER C  - EMAS 17K - BUNGA TANJUNG GOLD","5.670.000","5.0","Pilih Lokal","2 terjual"
"https://shopee.co.id/KALUNG-ROSARY-BOLD-EMAS-18K-BUNGA-TANJUNG-GOLD-i.48895190.50556685084?extraParams=%7B%22display_model_id%22%3A345600239541%2C%22model_selection_logic%22%3A3%7D","https://down-id.img.susercontent.com/file/id-11134207-822wg-mn857a5v8bnq4a","KALUNG ROSARY BOLD - EMAS 18K - BUNGA TANJUNG GOLD","6.048.000","4.9 Penilaian Toko","Pilih Lokal",""
"https://shopee.co.id/KALUNG-LILI-FLOWER-EMAS-17K-BUNGA-TANJUNG-GOLD-i.48895190.45509969015?extraParams=%7B%22display_model_id%22%3A262592764685%2C%22model_selection_logic%22%3A3%7D","https://down-id.img.susercontent.com/file/id-11134207-822wt-mnv416g17pxk09","KALUNG LILI FLOWER - EMAS 17K - BUNGA TANJUNG GOLD","9.828.000","4.9 Penilaian Toko","",""
"https://shopee.co.id/KALUNG-CLOVER-BUNGA-5-YU-EMAS-17K-BUNGA-TANJUNG-GOLD-i.48895190.50509944304?extraParams=%7B%22display_model_id%22%3A262592782398%2C%22model_selection_logic%22%3A3%7D","https://down-id.img.susercontent.com/file/id-11134207-822ws-mnv416g1dc7c01","KALUNG CLOVER BUNGA 5 YU- EMAS 17K - BUNGA TANJUNG GOLD","13.608.000","4.9 Penilaian Toko","",""
"https://shopee.co.id/KALUNG-SOLENE-GLOW-LOVE-SYIFA-HADJU-EMAS-17K-BUNGA-TANJUNG-GOLD-i.48895190.41730429159?extraParams=%7B%22display_model_id%22%3A249221599149%2C%22model_selection_logic%22%3A3%7D","https://down-id.img.susercontent.com/file/id-11134207-822wm-mnl4kd6hosn63b","KALUNG SOLENE GLOW LOVE - SYIFA HADJU - EMAS 17K - BUNGA TANJUNG GOLD","11.088.000","4.9 Penilaian Toko","Pilih Lokal",""
"https://shopee.co.id/KALUNG-VAR-64-EMAS-17K-BUNGA-TANJUNG-GOLD-i.48895190.54856037164?extraParams=%7B%22display_model_id%22%3A415897909856%2C%22model_selection_logic%22%3A3%7D","https://down-id.img.susercontent.com/file/id-11134207-822wq-mo10h8c74hdv47","KALUNG VAR 64 - EMAS 17K - BUNGA TANJUNG GOLD","7.009.950","4.9 Penilaian Toko","Pilih Lokal",""
"https://shopee.co.id/KALUNG-FASHION-ULAR-EMAS-17K-BUNGA-TANJUNG-GOLD-i.48895190.25651285985?extraParams=%7B%22display_model_id%22%3A244181944578%2C%22model_selection_logic%22%3A3%7D","https://down-id.img.susercontent.com/file/id-11134207-822wn-mlr9pqx3a0hwe5","KALUNG FASHION ULAR - EMAS 17K - BUNGA TANJUNG GOLD","31.248.000","4.9 Penilaian Toko","Pilih Lokal",""
"https://shopee.co.id/KALUNG-VAR-63-EMAS-17K-BUNGA-TANJUNG-GOLD-i.48895190.53056033900?extraParams=%7B%22display_model_id%22%3A335897899769%2C%22model_selection_logic%22%3A3%7D","https://down-id.img.susercontent.com/file/id-11134207-822wj-mo10h8c732tf1b","KALUNG VAR 63 - EMAS 17K - BUNGA TANJUNG GOLD","5.098.300","3.0","Pilih Lokal","2 terjual"
"https://shopee.co.id/KALUNG-KIDS-ANAK-ANJING-PUTIH-H-EMAS-17K-BUNGA-TANJUNG-GOLD-i.48895190.42110371628?extraParams=%7B%22display_model_id%22%3A270871635977%2C%22model_selection_logic%22%3A3%7D","https://down-id.img.susercontent.com/file/sg-11134201-7rdxr-mcmabkl9jioeea","KALUNG KIDS ANAK ANJING PUTIH H - EMAS 17K - BUNGA TANJUNG GOLD","7.308.000","4.9 Penilaian Toko","Pilih Lokal",""
"https://shopee.co.id/KALUNG-CLOVER-ARSIR-BUNGA-3-EMAS-17K-BUNGA-TANJUNG-GOLD-i.48895190.43657762480?extraParams=%7B%22display_model_id%22%3A300658116457%2C%22model_selection_logic%22%3A3%7D","https://down-id.img.susercontent.com/file/id-11134207-822ws-mlvx2sk5gkcif3","KALUNG CLOVER ARSIR BUNGA 3 - EMAS 17K - BUNGA TANJUNG GOLD","9.828.000","5.0","2 terjual",""
"https://shopee.co.id/KALUNG-VAR-50-EMAS-17K-BUNGA-TANJUNG-GOLD-i.48895190.55557732177?extraParams=%7B%22display_model_id%22%3A395939017625%2C%22model_selection_logic%22%3A3%7D","https://down-id.img.susercontent.com/file/id-11134207-822ws-modzruwd807j92","KALUNG VAR 50 - EMAS 17K - BUNGA TANJUNG GOLD","7.933.000","4.9 Penilaian Toko","Pilih Lokal",""
"https://shopee.co.id/KALUNG-MEILINDA-SNOW-EMAS-17K-BUNGA-TANJUNG-GOLD-i.48895190.54510207859?extraParams=%7B%22display_model_id%22%3A440897296272%2C%22model_selection_logic%22%3A3%7D","https://down-id.img.susercontent.com/file/id-11134207-822wj-mo0us61su2h4ac","KALUNG MEILINDA SNOW - EMAS 17K - BUNGA TANJUNG GOLD","6.174.000","4.9 Penilaian Toko","",""
"https://shopee.co.id/KALUNG-FLOREA-C-EMAS-17K-BUNGA-TANJUNG-GOLD-i.48895190.44758643962?extraParams=%7B%22display_model_id%22%3A292526588968%2C%22model_selection_logic%22%3A3%7D","https://down-id.img.susercontent.com/file/id-11134207-822wl-mmx27yudm51h3e","KALUNG FLOREA C - EMAS 17K - BUNGA TANJUNG GOLD","7.308.000","4.9 Penilaian Toko","Pilih Lokal",""
"https://shopee.co.id/KALUNG-CLOVER-FLOWER-5-LY-EMAS-17K-BUNGA-TANJUNG-GOLD-i.48895190.22087129972?extraParams=%7B%22display_model_id%22%3A350834419427%2C%22model_selection_logic%22%3A3%7D","https://down-id.img.susercontent.com/file/id-11134207-7r98t-loj5sb7po1ih1a","KALUNG CLOVER FLOWER 5 LY - EMAS 17K - BUNGA TANJUNG GOLD","16.380.000","4.9 Penilaian Toko","",""
"https://shopee.co.id/KALUNG-DISNEY-PAPERCLIP-MICKEY-MINNIE-EMAS-17K-BUNGA-TANJUNG-GOLD-i.48895190.25371830978?extraParams=%7B%22display_model_id%22%3A345874921231%2C%22model_selection_logic%22%3A3%7D","https://down-id.img.susercontent.com/file/id-11134207-7r98u-ltjf167stwrec7","KALUNG DISNEY PAPERCLIP MICKEY MINNIE - EMAS 17K - BUNGA TANJUNG GOLD","38.836.000","4.9 Penilaian Toko","",""
"https://shopee.co.id/KALUNG-VAR-56-EMAS-17K-BUNGA-TANJUNG-GOLD-i.48895190.53857741931?extraParams=%7B%22display_model_id%22%3A405897649803%2C%22model_selection_logic%22%3A3%7D","https://down-id.img.susercontent.com/file/id-11134207-822wj-mo0x4ppfz56pfa","KALUNG VAR 56 - EMAS 17K - BUNGA TANJUNG GOLD","6.372.450","4.9 Penilaian Toko","Pilih Lokal",""
"https://shopee.co.id/KALUNG-KIDS-ANAK-ANIMALS-BAMBI-EMAS-17K-BUNGA-TANJUNG-GOLD-i.48895190.46060036403?extraParams=%7B%22display_model_id%22%3A440883354355%2C%22model_selection_logic%22%3A3%7D","https://down-id.img.susercontent.com/file/id-11134207-822ws-mnwph0jwye4g5a","KALUNG KIDS ANAK ANIMALS BAMBI - EMAS 17K - BUNGA TANJUNG GOLD","6.552.000","4.9 Penilaian Toko","",""
"https://shopee.co.id/KALUNG-VAR-60-EMAS-17K-BUNGA-TANJUNG-GOLD-i.48895190.58157894168?extraParams=%7B%22display_model_id%22%3A415897768591%2C%22model_selection_logic%22%3A3%7D","https://down-id.img.susercontent.com/file/id-11134207-822wl-mo0z0ily74eaea","KALUNG VAR 60 - EMAS 17K - BUNGA TANJUNG GOLD","7.752.850","4.9 Penilaian Toko","Pilih Lokal",""
"https://shopee.co.id/KALUNG-HOLLOW-TETES-B-EMAS-17K-BUNGA-TANJUNG-GOLD-i.48895190.45558112823?extraParams=%7B%22display_model_id%22%3A390719440903%2C%22model_selection_logic%22%3A3%7D","https://down-id.img.susercontent.com/file/id-11134207-822wr-mmjso1fnfawyc2","KALUNG HOLLOW TETES B - EMAS 17K - BUNGA TANJUNG GOLD","6.930.000","4.9 Penilaian Toko","Pilih Lokal",""
"https://shopee.co.id/KALUNG-KOIN-PLAT-SHIMMER-EMAS-17K-BUNGA-TANJUNG-GOLD-i.48895190.14119252736?extraParams=%7B%22display_model_id%22%3A345514535432%2C%22model_selection_logic%22%3A3%7D","https://down-id.img.susercontent.com/file/id-11134207-8224u-mkt9elqolq8462","KALUNG KOIN PLAT SHIMMER - EMAS 17K - BUNGA TANJUNG GOLD","12.096.000","5.0","Pilih Lokal","17 terjual"
"https://shopee.co.id/KALUNG-SOLITAIRE-KIPAS-THIN-EMAS-17K-BUNGA-TANJUNG-GOLD-i.48895190.26438104263?extraParams=%7B%22display_model_id%22%3A365513134782%2C%22model_selection_logic%22%3A3%7D","https://down-id.img.susercontent.com/file/id-11134207-822wj-mln9xbvyce0z28","KALUNG SOLITAIRE KIPAS THIN - EMAS 17K - BUNGA TANJUNG GOLD","8.442.000","5.0","Pilih Lokal","14 terjual"
"https://shopee.co.id/KALUNG-RING-STARDUST-EMAS-17K-BUNGA-TANJUNG-GOLD-i.48895190.49758575115?extraParams=%7B%22display_model_id%22%3A370758391219%2C%22model_selection_logic%22%3A3%7D","https://down-id.img.susercontent.com/file/id-11134207-822wo-mmvkcm9hihvs7f","KALUNG RING STARDUST - EMAS 17K - BUNGA TANJUNG GOLD","6.678.000","4.9 Penilaian Toko","Pilih Lokal",""
"https://shopee.co.id/KALUNG-VAR-41-EMAS-17K-BUNGA-TANJUNG-GOLD-i.48895190.40804376899?extraParams=%7B%22display_model_id%22%3A370913405729%2C%22model_selection_logic%22%3A3%7D","https://down-id.img.susercontent.com/file/id-11134207-822wr-mo68odyi2z285d","KALUNG VAR 41 - EMAS 17K - BUNGA TANJUNG GOLD","12.319.900","4.9 Penilaian Toko","Pilih Lokal",""
"https://shopee.co.id/GELANG-BANGLE-HERME-POLOS-WARNA-RINGAN-EMAS-17K-BUNGA-TANJUNG-GOLD-i.48895190.40655543782?extraParams=%7B%22display_model_id%22%3A300467993693%2C%22model_selection_logic%22%3A3%7D","https://down-id.img.susercontent.com/file/id-11134207-7ra0r-mbbvjx3yte9k5c","GELANG BANGLE HERME POLOS WARNA RINGAN - EMAS 17K - BUNGA TANJUNG GOLD","8.128.000","4.9 Penilaian Toko","",""
"https://shopee.co.id/KALUNG-VAR-51-EMAS-17K-BUNGA-TANJUNG-GOLD-i.48895190.45607765768?extraParams=%7B%22display_model_id%22%3A430939070509%2C%22model_selection_logic%22%3A3%7D","https://down-id.img.susercontent.com/file/id-11134207-822wo-modzruwdc7wv50","KALUNG VAR 51 - EMAS 17K - BUNGA TANJUNG GOLD","3.842.000","4.9 Penilaian Toko","Pilih Lokal",""
"https://shopee.co.id/KALUNG-KIDS-ANAK-PRINCESS-SNOW-WHITE-D-EMAS-17K-BUNGA-TANJUNG-GOLD-i.48895190.57860424478?extraParams=%7B%22display_model_id%22%3A302614133379%2C%22model_selection_logic%22%3A3%7D","https://down-id.img.susercontent.com/file/id-11134207-822wn-mo6t4c5d2mma38","KALUNG KIDS ANAK PRINCESS SNOW WHITE D - EMAS 17K - BUNGA TANJUNG GOLD","6.930.000","4.9 Penilaian Toko","",""
"https://shopee.co.id/KALUNG-VAR-36-EMAS-17K-BUNGA-TANJUNG-GOLD-i.48895190.43705154212?extraParams=%7B%22display_model_id%22%3A420913477569%2C%22model_selection_logic%22%3A3%7D","https://down-id.img.susercontent.com/file/id-11134207-822wm-mo6bkkz1c7wkaf","KALUNG VAR 36 - EMAS 17K - BUNGA TANJUNG GOLD","9.346.600","5.0","Pilih Lokal","1 terjual"
"https://shopee.co.id/KALUNG-CHOKER-CLEA-EMAS-17K-BUNGA-TANJUNG-GOLD-i.48895190.42480672516?extraParams=%7B%22display_model_id%22%3A350887003606%2C%22model_selection_logic%22%3A3%7D","https://down-id.img.susercontent.com/file/id-11134207-822wl-mnxrzr4b5qfa84","KALUNG CHOKER CLEA - EMAS 17K - BUNGA TANJUNG GOLD","10.332.000","4.9 Penilaian Toko","",""
"https://shopee.co.id/KALUNG-VAR-57-EMAS-17K-BUNGA-TANJUNG-GOLD-i.48895190.49360238159?extraParams=%7B%22display_model_id%22%3A395897724589%2C%22model_selection_logic%22%3A3%7D","https://down-id.img.susercontent.com/file/id-11134207-822wi-mo0z0ilxxaf6e1","KALUNG VAR 57 - EMAS 17K - BUNGA TANJUNG GOLD","6.584.950","4.9 Penilaian Toko","",""
"https://shopee.co.id/KALUNG-VAR-55-EMAS-17K-BUNGA-TANJUNG-GOLD-i.48895190.57557732592?extraParams=%7B%22display_model_id%22%3A380897642142%2C%22model_selection_logic%22%3A3%7D","https://down-id.img.susercontent.com/file/id-11134207-822wm-mo0x4ppfwc1tf9","KALUNG VAR 55 - EMAS 17K - BUNGA TANJUNG GOLD","8.372.000","4.9 Penilaian Toko","",""
"https://shopee.co.id/KALUNG-VAR-53-EMAS-17K-BUNGA-TANJUNG-GOLD-i.48895190.49507752347?extraParams=%7B%22display_model_id%22%3A315898186073%2C%22model_selection_logic%22%3A3%7D","https://down-id.img.susercontent.com/file/id-11134207-822wk-mo0x4ppfqps1b1","KALUNG VAR 53 - EMAS 17K - BUNGA TANJUNG GOLD","9.621.000","4.9 Penilaian Toko","",""
"https://shopee.co.id/KALUNG-SNOOPY-C-EMAS-17K-BUNGA-TANJUNG-GOLD-i.48895190.41476639643?extraParams=%7B%22display_model_id%22%3A307186224516%2C%22model_selection_logic%22%3A3%7D","https://down-id.img.susercontent.com/file/id-11134207-8224r-mkulxv1wxs07e6","KALUNG SNOOPY C - EMAS 17K - BUNGA TANJUNG GOLD","5.418.000","4.9 Penilaian Toko","",""
"https://shopee.co.id/KALUNG-VAR-26-EMAS-17K-BUNGA-TANJUNG-GOLD-i.48895190.44557641305?extraParams=%7B%22display_model_id%22%3A380828486472%2C%22model_selection_logic%22%3A3%7D","https://down-id.img.susercontent.com/file/id-11134207-822wo-mne7ccfxnpxdbd","KALUNG VAR 26 - EMAS 17K - BUNGA TANJUNG GOLD","6.678.000","5.0","2 terjual",""
"https://shopee.co.id/KALUNG-VAR-126-EMAS-17K-BUNGA-TANJUNG-GOLD-i.48895190.27109758101?extraParams=%7B%22display_model_id%22%3A420745161948%2C%22model_selection_logic%22%3A3%7D","https://down-id.img.susercontent.com/file/id-11134207-822ws-mmsmhvsxsb2e91","KALUNG VAR 126 - EMAS 17K - BUNGA TANJUNG GOLD","7.543.000","4.9 Penilaian Toko","Pilih Lokal",""
"https://shopee.co.id/KALUNG-KIDS-ANAK-BINTANG-BLINK-EMAS-17K-BUNGA-TANJUNG-GOLD-i.48895190.42609427920?extraParams=%7B%22display_model_id%22%3A208619459931%2C%22model_selection_logic%22%3A3%7D","https://down-id.img.susercontent.com/file/id-11134207-8224v-mkvzm72r2knb2d","KALUNG KIDS ANAK BINTANG BLINK - EMAS 17K - BUNGA TANJUNG GOLD","6.426.000","4.9 Penilaian Toko","Pilih Lokal",""
"https://shopee.co.id/KALUNG-JEDAR-MERICA-RAINBOW-EMAS-17K-BUNGA-TANJUNG-GOLD-i.48895190.43856518560?extraParams=%7B%22display_model_id%22%3A295548524065%2C%22model_selection_logic%22%3A3%7D","https://down-id.img.susercontent.com/file/id-11134207-7ra0k-mbklvn0fvhsu9d","KALUNG JEDAR MERICA RAINBOW - EMAS 17K - BUNGA TANJUNG GOLD","3.624.000","4.9 Penilaian Toko","Pilih Lokal",""
"https://shopee.co.id/KALUNG-NAILA-FLOWER-EMAS-17K-BUNGA-TANJUNG-GOLD-i.48895190.49910106313?extraParams=%7B%22display_model_id%22%3A380886991621%2C%22model_selection_logic%22%3A3%7D","https://down-id.img.susercontent.com/file/id-11134207-822wq-mnxrzr4b4buu7f","KALUNG NAILA FLOWER - EMAS 17K - BUNGA TANJUNG GOLD","8.820.000","4.9 Penilaian Toko","",""
"https://shopee.co.id/KALUNG-KIDS-ANAK-MOANA-EMAS-17K-BUNGA-TANJUNG-GOLD-i.48895190.47610444420?extraParams=%7B%22display_model_id%22%3A395915845251%2C%22model_selection_logic%22%3A3%7D","https://down-id.img.susercontent.com/file/id-11134207-822wl-mo6t4c5d5fr8a1","KALUNG KIDS ANAK MOANA - EMAS 17K - BUNGA TANJUNG GOLD","7.560.000","4.9 Penilaian Toko","",""
"https://shopee.co.id/KALUNG-VAR-59-EMAS-17K-BUNGA-TANJUNG-GOLD-i.48895190.27894482543?extraParams=%7B%22display_model_id%22%3A340897765766%2C%22model_selection_logic%22%3A3%7D","https://down-id.img.susercontent.com/file/id-11134207-822wm-mo0z0ily4b9e43","KALUNG VAR 59 - EMAS 17K - BUNGA TANJUNG GOLD","7.116.200","4.9 Penilaian Toko","",""
"https://shopee.co.id/KALUNG-VAR-62-EMAS-17K-BUNGA-TANJUNG-GOLD-i.48895190.44957914238?extraParams=%7B%22display_model_id%22%3A435897905259%2C%22model_selection_logic%22%3A3%7D","https://down-id.img.susercontent.com/file/id-11134207-822wq-mo10dwowv9507d","KALUNG VAR 62 - EMAS 17K - BUNGA TANJUNG GOLD","8.815.350","4.9 Penilaian Toko","Pilih Lokal",""
"https://shopee.co.id/KALUNG-CHOKER-BOBBA-EMAS-17K-BUNGA-TANJUNG-GOLD-i.48895190.15699048091?extraParams=%7B%22display_model_id%22%3A315533153448%2C%22model_selection_logic%22%3A3%7D","https://down-id.img.susercontent.com/file/id-11134207-8224r-mkxjqk48hs0731","KALUNG CHOKER BOBBA - EMAS 17K - BUNGA TANJUNG GOLD","32.004.000","4.9 Penilaian Toko","Pilih Lokal",""
"https://shopee.co.id/KALUNG-SERUT-ITALY-SANTA-BOLD-EMAS-18K-BUNGA-TANJUNG-GOLD-i.48895190.48656733057?extraParams=%7B%22display_model_id%22%3A375603411378%2C%22model_selection_logic%22%3A3%7D","https://down-id.img.susercontent.com/file/id-11134207-822wh-mn8dach4abd41c","KALUNG SERUT ITALY SANTA BOLD - EMAS 18K - BUNGA TANJUNG GOLD","7.434.000","4.9 Penilaian Toko","",""
"https://shopee.co.id/KALUNG-KIDS-ANAK-CINNAMOROLL-D-EMAS-17K-BUNGA-TANJUNG-GOLD-i.48895190.41303563917?extraParams=%7B%22display_model_id%22%3A177199181173%2C%22model_selection_logic%22%3A3%7D","https://down-id.img.susercontent.com/file/id-11134207-7rbk5-mapl20bghgdg96","KALUNG KIDS ANAK CINNAMOROLL D - EMAS 17K - BUNGA TANJUNG GOLD","7.308.000","4.9 Penilaian Toko","",""
"https://shopee.co.id/KALUNG-ANAK-KIDS-SNOOPY-CROWN-EMAS-17K-BUNGA-TANJUNG-GOLD-i.48895190.27094825988?extraParams=%7B%22display_model_id%22%3A365918500665%2C%22model_selection_logic%22%3A3%7D","https://down-id.img.susercontent.com/file/id-11134207-822wg-mo7omowvnxfn8d","KALUNG ANAK KIDS SNOOPY CROWN - EMAS 17K - BUNGA TANJUNG GOLD","7.182.000","4.9 Penilaian Toko","",""
"https://shopee.co.id/KALUNG-HERME-ROSE-GOLD-EMAS-17K-BUNGA-TANJUNG-GOLD-i.48895190.10189979051?extraParams=%7B%22display_model_id%22%3A267509624438%2C%22model_selection_logic%22%3A3%7D","https://down-id.img.susercontent.com/file/id-11134207-8224y-mkt7n2ee8x6t00","KALUNG HERME ROSE GOLD - EMAS 17K - BUNGA TANJUNG GOLD","7.809.000","4.9","Pilih Lokal","236 terjual"
"https://shopee.co.id/KALUNG-KIDS-ANAK-ANIMALS-DUMBO-EMAS-17K-BUNGA-TANJUNG-GOLD-i.48895190.55460011288?extraParams=%7B%22display_model_id%22%3A277595281973%2C%22model_selection_logic%22%3A3%7D","https://down-id.img.susercontent.com/file/id-11134207-822wr-mnwph0jwn5kze1","KALUNG KIDS ANAK ANIMALS DUMBO - EMAS 17K - BUNGA TANJUNG GOLD","6.552.000","4.9 Penilaian Toko","",""
"https://shopee.co.id/KALUNG-SMILEY-EMAS-17K-BUNGA-TANJUNG-GOLD-i.48895190.20452631750?extraParams=%7B%22display_model_id%22%3A217098436679%2C%22model_selection_logic%22%3A3%7D","https://down-id.img.susercontent.com/file/id-11134207-822wq-mlvrnerk0qv567","KALUNG SMILEY - EMAS 17K - BUNGA TANJUNG GOLD","9.576.000","5.0","Pilih Lokal","22 terjual"
"https://shopee.co.id/KALUNG-VAR-54-EMAS-17K-BUNGA-TANJUNG-GOLD-i.48895190.56807741777?extraParams=%7B%22display_model_id%22%3A400897626424%2C%22model_selection_logic%22%3A3%7D","https://down-id.img.susercontent.com/file/id-11134207-822wu-mo0x4ppftiwxf0","KALUNG VAR 54 - EMAS 17K - BUNGA TANJUNG GOLD","6.997.000","4.9 Penilaian Toko","",""
"https://shopee.co.id/KALUNG-HOLLOW-DIVA-TWIN-KIPAS-BS-EMAS-17K-BUNGA-TANJUNG-GOLD-i.48895190.56957146420?extraParams=%7B%22display_model_id%22%3A335637023391%2C%22model_selection_logic%22%3A3%7D","https://down-id.img.susercontent.com/file/id-11134207-822wt-mlr9pqx3fmroa7","KALUNG HOLLOW DIVA TWIN KIPAS BS - EMAS 17K - BUNGA TANJUNG GOLD","16.002.000","4.9 Penilaian Toko","Pilih Lokal",""
"https://shopee.co.id/KALUNG-RANTAI-TETES-B-EMAS-17K-BUNGA-TANJUNG-GOLD-i.48895190.42220327686?extraParams=%7B%22display_model_id%22%3A244098456771%2C%22model_selection_logic%22%3A3%7D","https://down-id.img.susercontent.com/file/id-11134207-81ztl-mevg7e6vcow094","KALUNG RANTAI TETES B - EMAS 17K- BUNGA TANJUNG GOLD","28.350.000","4.9 Penilaian Toko","Pilih Lokal",""
"https://shopee.co.id/KALUNG-RANTAI-INFINITY-NOVA-EDGE-EMAS-17K-BUNGA-TANJUNG-GOLD-i.48895190.46058966334?extraParams=%7B%22display_model_id%22%3A440792542294%2C%22model_selection_logic%22%3A3%7D","https://down-id.img.susercontent.com/file/id-11134207-822wu-mn42kss78av9d8","KALUNG RANTAI INFINITY NOVA EDGE - EMAS 17K - BUNGA TANJUNG GOLD","8.442.000","4.9 Penilaian Toko","Pilih Lokal",""
"https://shopee.co.id/KALUNG-KUROMI-B-EMAS-17K-BUNGA-TANJUNG-GOLD-i.48895190.41320384766?extraParams=%7B%22display_model_id%22%3A271665399243%2C%22model_selection_logic%22%3A3%7D","https://down-id.img.susercontent.com/file/id-11134207-81ztl-meweqk7i7oxse3","KALUNG KUROMI B - EMAS 17K - BUNGA TANJUNG GOLD","8.064.000","4.9 Penilaian Toko","",""
"https://shopee.co.id/KALUNG-TETES-AIR-BULAT-EMAS-17K-BUNGA-TANJUNG-GOLD-i.48895190.40613074910?extraParams=%7B%22display_model_id%22%3A129422844100%2C%22model_selection_logic%22%3A3%7D","https://down-id.img.susercontent.com/file/id-11134207-8224r-mktg55opiqkjde","KALUNG TETES AIR BULAT - EMAS 17K - BUNGA TANJUNG GOLD","6.552.000","5.0","Pilih Lokal","10 terjual"
"https://shopee.co.id/KALUNG-TETES-C-EMAS-17K-BUNGA-TANJUNG-GOLD-i.48895190.43806384990?extraParams=%7B%22display_model_id%22%3A420864309839%2C%22model_selection_logic%22%3A3%7D","https://down-id.img.susercontent.com/file/id-11134207-82250-mkuffelayn7oe0","KALUNG TETES C - EMAS 17K - BUNGA TANJUNG GOLD","8.316.000","5.0","Pilih Lokal","7 terjual"
"https://shopee.co.id/KALUNG-2-LAYER-HATI-MAIRE-EMAS-17K-BUNGA-TANJUNG-GOLD-i.48895190.44508143592?extraParams=%7B%22display_model_id%22%3A320721725568%2C%22model_selection_logic%22%3A3%7D","https://down-id.img.susercontent.com/file/id-11134207-822wl-mmk86uyqlszpbb","KALUNG 2 LAYER HATI MAIRE - EMAS 17K - BUNGA TANJUNG GOLD","18.648.000","4.9 Penilaian Toko","Pilih Lokal",""
"https://shopee.co.id/KALUNG-VAR-40-EMAS-17K-BUNGA-TANJUNG-GOLD-i.48895190.22265048348?extraParams=%7B%22display_model_id%22%3A345913257440%2C%22model_selection_logic%22%3A3%7D","https://down-id.img.susercontent.com/file/id-11134207-822ws-mo68odyi05xc3d","KALUNG VAR 40 - EMAS 17K - BUNGA TANJUNG GOLD","8.709.100","5.0","Pilih Lokal","5 terjual"
"https://shopee.co.id/KALUNG-HOLLOW-TETES-C-EMAS-17K-BUNGA-TANJUNG-GOLD-i.48895190.53608093022?extraParams=%7B%22display_model_id%22%3A320719516848%2C%22model_selection_logic%22%3A3%7D","https://down-id.img.susercontent.com/file/id-11134207-822wu-mmjtfq4yxb0j8c","KALUNG HOLLOW TETES C - EMAS 17K - BUNGA TANJUNG GOLD","7.182.000","4.9 Penilaian Toko","Pilih Lokal",""
"https://shopee.co.id/KALUNG-SERUT-KUPU-KUPU-TWIN-BOBBA-EMAS-17K-BUNGA-TANJUNG-GOLD-i.48895190.53656331677?extraParams=%7B%22display_model_id%22%3A345572458175%2C%22model_selection_logic%22%3A3%7D","https://down-id.img.susercontent.com/file/id-11134207-8224r-ml1kil9q8kjo27","KALUNG SERUT KUPU KUPU TWIN BOBBA - EMAS 17K - BUNGA TANJUNG GOLD","18.522.000","4.9 Penilaian Toko","Pilih Lokal",""
"https://shopee.co.id/KALUNG-KIDS-ANAK-HELLO-KITTY-SOLITAIRE-EMAS-17K-BUNGA-TANJUNG-GOLD-i.48895190.48106995412?extraParams=%7B%22display_model_id%22%3A400623250266%2C%22model_selection_logic%22%3A3%7D","https://down-id.img.susercontent.com/file/id-11134207-822wu-mllyteh64idf32","KALUNG KIDS ANAK HELLO KITTY SOLITAIRE - EMAS 17K - BUNGA TANJUNG GOLD","7.560.000","4.9 Penilaian Toko","",""
"https://shopee.co.id/KALUNG-LOVE-CROWN-EMAS-17K-BUNGA-TANJUNG-GOLD-i.48895190.41780080170?extraParams=%7B%22display_model_id%22%3A355786706433%2C%22model_selection_logic%22%3A3%7D","https://down-id.img.susercontent.com/file/id-11134207-822wp-mn2n5eyr8mpwe0","KALUNG LOVE CROWN - EMAS 17K - BUNGA TANJUNG GOLD","5.544.000","4.9 Penilaian Toko","Pilih Lokal",""
"https://shopee.co.id/KALUNG-SERUT-CLOVER-O-EMAS-17K-BUNGA-TANJUNG-GOLD-i.48895190.22354855547?extraParams=%7B%22display_model_id%22%3A187991729244%2C%22model_selection_logic%22%3A3%7D","https://down-id.img.susercontent.com/file/id-11134207-82252-mkt2j4xme4g1ba","KALUNG SERUT CLOVER O - EMAS 17K - BUNGA TANJUNG GOLD","11.718.000","4.9","33 terjual",""
"https://shopee.co.id/KALUNG-KIDS-ANAK-PRINCESS-SNOW-WHITE-B-EMAS-17K-BUNGA-TANJUNG-GOLD-i.48895190.42779138754?extraParams=%7B%22display_model_id%22%3A395622973684%2C%22model_selection_logic%22%3A3%7D","https://down-id.img.susercontent.com/file/id-11134207-822wi-mllv26u7hkar7e","KALUNG KIDS ANAK PRINCESS SNOW WHITE B - EMAS 17K - BUNGA TANJUNG GOLD","8.190.000","4.9 Penilaian Toko","",""
"https://shopee.co.id/KALUNG-VAR-30-EMAS-17K-BUNGA-TANJUNG-GOLD-i.48895190.50257616476?extraParams=%7B%22display_model_id%22%3A400828670917%2C%22model_selection_logic%22%3A3%7D","https://down-id.img.susercontent.com/file/id-11134207-822wr-mne7ccfxyygx01","KALUNG VAR 30 - EMAS 17K - BUNGA TANJUNG GOLD","7.796.000","4.9 Penilaian Toko","Pilih Lokal",""
"https://shopee.co.id/KALUNG-HATI-KRAWANG-BUNGA-MAWAR-EMAS-17K-BUNGA-TANJUNG-GOLD-i.48895190.27989647661?extraParams=%7B%22display_model_id%22%3A253721597779%2C%22model_selection_logic%22%3A3%7D","https://down-id.img.susercontent.com/file/id-11134207-8224x-mkulxv1wuyvb12","KALUNG HATI KRAWANG BUNGA MAWAR - EMAS 17K - BUNGA TANJUNG GOLD","8.946.000","4.9 Penilaian Toko","Pilih Lokal",""
"https://shopee.co.id/KALUNG-HOLLOW-TWIN-RING-EMAS-17K-BUNGA-TANJUNG-GOLD-i.48895190.15296196708?extraParams=%7B%22display_model_id%22%3A370572447412%2C%22model_selection_logic%22%3A3%7D","https://down-id.img.susercontent.com/file/id-11134207-82251-ml1jzdvqr1tzcb","KALUNG HOLLOW TWIN RING - EMAS 17K - BUNGA TANJUNG GOLD","22.176.000","4.9 Penilaian Toko","Pilih Lokal",""
"https://shopee.co.id/KALUNG-RING-BOBBA-CLOVER-BLINK-EMAS-17K-BUNGA-TANJUNG-GOLD-i.48895190.45007166876?extraParams=%7B%22display_model_id%22%3A310637775199%2C%22model_selection_logic%22%3A3%7D","https://down-id.img.susercontent.com/file/id-11134207-822ws-mlrc24d2q9dv41","KALUNG RING BOBBA CLOVER BLINK - EMAS 17K - BUNGA TANJUNG GOLD","6.048.000","4.9 Penilaian Toko","Pilih Lokal",""
"https://shopee.co.id/KALUNG-HOLLOW-UNLIMITED-BUBBLE-EMAS-17K-BUNGA-TANJUNG-GOLD-i.48895190.53908107283?extraParams=%7B%22display_model_id%22%3A445719806664%2C%22model_selection_logic%22%3A3%7D","https://down-id.img.susercontent.com/file/id-11134207-822ws-mmjuk054k3r52a","KALUNG HOLLOW UNLIMITED BUBBLE - EMAS 17K - BUNGA TANJUNG GOLD","10.458.000","5.0","Pilih Lokal","1 terjual"
"https://shopee.co.id/KALUNG-RUMBAI-WAVE-LAYER-BOBBA-EMAS-17K-BUNGA-TANJUNG-GOLD-i.48895190.47008124929?extraParams=%7B%22display_model_id%22%3A385720540541%2C%22model_selection_logic%22%3A3%7D","https://down-id.img.susercontent.com/file/id-11134207-822wm-mmk15j3h6y9xfc","KALUNG RUMBAI WAVE LAYER BOBBA - EMAS 17K - BUNGA TANJUNG GOLD","16.758.000","4.9 Penilaian Toko","Pilih Lokal",""
"https://shopee.co.id/KALUNG-VAR-28-EMAS-17K-BUNGA-TANJUNG-GOLD-i.48895190.48957627541?extraParams=%7B%22display_model_id%22%3A302563499684%2C%22model_selection_logic%22%3A3%7D","https://down-id.img.susercontent.com/file/id-11134207-822wh-mne7ccfxuqrle2","KALUNG VAR 28 - EMAS 17K - BUNGA TANJUNG GOLD","8.307.000","5.0","2 terjual",""
"https://shopee.co.id/KALUNG-KIDS-ANAK-PRINCESS-SNOW-WHITE-C-EMAS-17K-BUNGA-TANJUNG-GOLD-i.48895190.54160435907?extraParams=%7B%22display_model_id%22%3A415915975889%2C%22model_selection_logic%22%3A3%7D","https://down-id.img.susercontent.com/file/id-11134207-822wh-mo6t4c5d416qe9","KALUNG KIDS ANAK PRINCESS SNOW WHITE C - EMAS 17K - BUNGA TANJUNG GOLD","7.560.000","4.9 Penilaian Toko","",""
"https://shopee.co.id/KALUNG-LUXURY-TETES-AIR-EMAS-17K-BUNGA-TANJUNG-GOLD-i.48895190.57708556066?extraParams=%7B%22display_model_id%22%3A370758779826%2C%22model_selection_logic%22%3A3%7D","https://down-id.img.susercontent.com/file/id-11134207-822wm-mmvlscob45jcf1","KALUNG LUXURY TETES AIR - EMAS 17K - BUNGA TANJUNG GOLD","34.272.000","4.9 Penilaian Toko","Pilih Lokal",""
"https://shopee.co.id/KALUNG-VAR-58-EMAS-17K-BUNGA-TANJUNG-GOLD-i.48895190.56457737134?extraParams=%7B%22display_model_id%22%3A395897751106%2C%22model_selection_logic%22%3A3%7D","https://down-id.img.susercontent.com/file/id-11134207-822wm-mo0z0ily03k2fe","KALUNG VAR 58 - EMAS 17K - BUNGA TANJUNG GOLD","7.752.850","4.9 Penilaian Toko","Pilih Lokal",""
"https://shopee.co.id/KALUNG-WILLOW-LEAF-DAUN-A-EMAS-17K-BUNGA-TANJUNG-GOLD-i.48895190.40011128062?extraParams=%7B%22display_model_id%22%3A360698396268%2C%22model_selection_logic%22%3A3%7D","https://down-id.img.susercontent.com/file/id-11134207-8224u-mkt9pa2mwbgi40","KALUNG WILLOW LEAF DAUN A - EMAS 17K - BUNGA TANJUNG GOLD","6.930.000","4.9","Pilih Lokal","23 terjual"
"https://shopee.co.id/KALUNG-KIDS-ANAK-ANIMALS-THUMPER-EMAS-17K-BUNGA-TANJUNG-GOLD-i.48895190.51860002669?extraParams=%7B%22display_model_id%22%3A380883288824%2C%22model_selection_logic%22%3A3%7D","https://down-id.img.susercontent.com/file/id-11134207-822wi-mnwph0jx9mo030","KALUNG KIDS ANAK ANIMALS THUMPER - EMAS 17K - BUNGA TANJUNG GOLD","7.056.000","4.9 Penilaian Toko","",""
"https://shopee.co.id/KALUNG-RANTAI-ARSIR-LILIT-CHAIN-BLINK-EMAS-17K-BUNGA-TANJUNG-GOLD-i.48895190.28843467109?extraParams=%7B%22display_model_id%22%3A385047481311%2C%22model_selection_logic%22%3A3%7D","https://down-id.img.susercontent.com/file/id-11134207-8224r-mkvzymygd2wy96","KALUNG RANTAI ARSIR LILIT CHAIN BLINK - EMAS 17K - BUNGA TANJUNG GOLD","25.074.000","4.9 Penilaian Toko","Pilih Lokal",""
"https://shopee.co.id/KALUNG-HOLLOW-AVELINE-WING-EMAS-17K-BUNGA-TANJUNG-GOLD-i.48895190.57656331674?extraParams=%7B%22display_model_id%22%3A410572476471%2C%22model_selection_logic%22%3A3%7D","https://down-id.img.susercontent.com/file/id-11134207-8224u-ml1kil9sf8cg23","KALUNG HOLLOW AVELINE WING - EMAS 17K - BUNGA TANJUNG GOLD","8.568.000","4.9 Penilaian Toko","Pilih Lokal",""
"https://shopee.co.id/KALUNG-GOLDEN-LOVE-SERIES-SDW-GOLD-EMAS-18K-BUNGA-TANJUNG-GOLD-i.48895190.14515855838?extraParams=%7B%22display_model_id%22%3A222816686674%2C%22model_selection_logic%22%3A3%7D","https://down-id.img.susercontent.com/file/id-11134207-82251-mktbdd7jdclg39","KALUNG GOLDEN LOVE SERIES - SDW GOLD - EMAS 18K - BUNGA TANJUNG GOLD","10.962.000","4.9","Pilih Lokal","135 terjual"
"https://shopee.co.id/KALUNG-VAR-48-EMAS-17K-BUNGA-TANJUNG-GOLD-i.48895190.48457752238?extraParams=%7B%22display_model_id%22%3A360938922698%2C%22model_selection_logic%22%3A3%7D","https://down-id.img.susercontent.com/file/id-11134207-822wo-modt7s5lgzcw95","KALUNG VAR 48 - EMAS 17K - BUNGA TANJUNG GOLD","8.305.000","4.9 Penilaian Toko","Pilih Lokal",""
"https://shopee.co.id/KALUNG-VAR-49-EMAS-17K-BUNGA-TANJUNG-GOLD-i.48895190.46557756564?extraParams=%7B%22display_model_id%22%3A420938969200%2C%22model_selection_logic%22%3A3%7D","https://down-id.img.susercontent.com/file/id-11134207-822wm-modzruwbtfrfd4","KALUNG VAR 49 - EMAS 17K - BUNGA TANJUNG GOLD","5.950.000","4.9 Penilaian Toko","Pilih Lokal",""
"https://shopee.co.id/KALUNG-KIDS-ANAK-DISNEY-MICKEY-MINNIE-BOBBA-EMAS-17K-BUNGA-TANJUNG-GOLD-i.48895190.28822753847?extraParams=%7B%22display_model_id%22%3A208126142988%2C%22model_selection_logic%22%3A3%7D","https://down-id.img.susercontent.com/file/id-11134207-822wp-mlvudpqy1m2r9f","KALUNG KIDS ANAK DISNEY MICKEY MINNIE BOBBA - EMAS 17K - BUNGA TANJUNG GOLD","7.469.000","4.9 Penilaian Toko","",""