nama_produk,kategori,harga,deskripsi,nama_toko
CINCIN NIKAH DAPHNE WEDDING RING EMAS 17K BUNGA TANJUNG GOLD,Cincin,4500000,"Cincin nikah Daphne wedding ring emas 17K. Beli di: https://shopee.co.id/CINCIN-NIKAH-DAPHNE-WEDDING-RING-EMAS-17K-BUNGA-TANJUNG-GOLD-i.48895190.20182095735",Bunga Tanjung Official Shop
CINCIN NIKAH SABINA WEDDING RING EMAS 17K BUNGA TANJUNG GOLD,Cincin,4850000,"Cincin nikah Sabina wedding ring emas 17K. Beli di: https://shopee.co.id/CINCIN-NIKAH-SABINA-WEDDING-RING-EMAS-17K-BUNGA-TANJUNG-GOLD-i.48895190.29844774891",Bunga Tanjung Official Shop
CINCIN NIKAH QEELA WEDDING RING EMAS 17K BUNGA TANJUNG GOLD,Cincin,4200000,"Cincin nikah Qeela wedding ring emas 17K. Beli di: https://shopee.co.id/CINCIN-NIKAH-QEELA-WEDDING-RING-EMAS-17K-BUNGA-TANJUNG-GOLD-i.48895190.54309979785",Bunga Tanjung Official Shop
CINCIN NIKAH MARETTA WEDDING RING EMAS 17K BUNGA TANJUNG GOLD,Cincin,5100000,"Cincin nikah Maretta wedding ring emas 17K. Beli di: https://shopee.co.id/CINCIN-NIKAH-MARETTA-WEDDING-RING-EMAS-17K-BUNGA-TANJUNG-GOLD-i.48895190.28676038237",Bunga Tanjung Official Shop
CINCIN NIKAH KEYNA WEDDING RING EMAS 17K BUNGA TANJUNG GOLD,Cincin,4650000,"Cincin nikah Keyna wedding ring emas 17K. Beli di: https://shopee.co.id/CINCIN-NIKAH-KEYNA-WEDDING-RING-EMAS-17K-BUNGA-TANJUNG-GOLD-i.48895190.22852625776",Bunga Tanjung Official Shop
CINCIN NIKAH FALYN WEDDING RING EMAS 17K BUNGA TANJUNG GOLD,Cincin,4350000,"Cincin nikah Falyn wedding ring emas 17K. Beli di: https://shopee.co.id/CINCIN-NIKAH-FALYN-WEDDING-RING-EMAS-17K-BUNGA-TANJUNG-GOLD-i.48895190.16895554931",Bunga Tanjung Official Shop
CINCIN NIKAH LIANA WEDDING RING EMAS 17K BUNGA TANJUNG GOLD,Cincin,4900000,"Cincin nikah Liana wedding ring emas 17K. Beli di: https://shopee.co.id/CINCIN-NIKAH-LIANA-WEDDING-RING-EMAS-17K-BUNGA-TANJUNG-GOLD-i.48895190.22746439452",Bunga Tanjung Official Shop
CINCIN NIKAH RENATA WEDDING RING EMAS 17K BUNGA TANJUNG GOLD,Cincin,4750000,"Cincin nikah Renata wedding ring emas 17K. Beli di: https://shopee.co.id/CINCIN-NIKAH-RENATA-WEDDING-RING-EMAS-17K-BUNGA-TANJUNG-GOLD-i.48895190.28179816101",Bunga Tanjung Official Shop
CINCIN NIKAH CHLOE WEDDING RING EMAS 17K BUNGA TANJUNG GOLD,Cincin,5250000,"Cincin nikah Chloe wedding ring emas 17K. Beli di: https://shopee.co.id/CINCIN-NIKAH-CHLOE-WEDDING-RING-EMAS-17K-BUNGA-TANJUNG-GOLD-i.48895190.16792327862",Bunga Tanjung Official Shop
CINCIN NIKAH FARRA WEDDING RING EMAS 17K BUNGA TANJUNG GOLD,Cincin,4400000,"Cincin nikah Farra wedding ring emas 17K. Beli di: https://shopee.co.id/CINCIN-NIKAH-FARRA-WEDDING-RING-EMAS-17K-BUNGA-TANJUNG-GOLD-i.48895190.24126805720",Bunga Tanjung Official Shop
GELANG TALI PIXIU PI XIU CHARM DRAGON EMAS 23K BUNGA TANJUNG GOLD,Gelang,3850000,"Gelang tali pixiu pi xiu charm dragon emas 23K. Beli di: https://shopee.co.id/GELANG-TALI-PIXIU-PI-XIU-CHARM-DRAGON-EMAS-23K-BUNGA-TANJUNG-GOLD-i.48895190.14100954145",Bunga Tanjung Official Shop
GELANG WILLOW LEAF DAUN EMAS 17K BUNGA TANJUNG GOLD,Gelang,6450000,"Gelang willow leaf daun emas 17K. Beli di: https://shopee.co.id/GELANG-WILLOW-LEAF-DAUN-EMAS-17K-BUNGA-TANJUNG-GOLD-i.48895190.26380245317",Bunga Tanjung Official Shop
GELANG CLASSIC KOREA TWIST SUPER RINGAN EMAS 17K BUNGA TANJUNG GOLD,Gelang,2890000,"Gelang classic Korea twist super ringan emas 17K. Beli di: https://shopee.co.id/GELANG-CLASSIC-KOREA-TWIST-SUPER-RINGAN-EMAS-17K-BUNGA-TANJUNG-GOLD-i.48895190.24691751226",Bunga Tanjung Official Shop
GELANG CHARLOTTE GOLD LARGE EMAS 17K BUNGA TANJUNG GOLD,Gelang,8750000,"Gelang Charlotte gold large emas 17K. Beli di: https://shopee.co.id/GELANG-CHARLOTTE-GOLD-LARGE-EMAS-17K-BUNGA-TANJUNG-GOLD-i.48895190.14371428306",Bunga Tanjung Official Shop
GELANG HERME BELL EMAS 17K BUNGA TANJUNG GOLD,Gelang,5950000,"Gelang herme bell emas 17K. Beli di: https://shopee.co.id/GELANG-HERME-BELL-EMAS-17K-BUNGA-TANJUNG-GOLD-i.48895190.17000780680",Bunga Tanjung Official Shop
GELANG FANIA TWIN LAYER KUPU EMAS 18K BUNGA TANJUNG GOLD,Gelang,4120000,"Gelang Fania twin layer kupu emas 18K. Beli di: https://shopee.co.id/GELANG-FANIA-TWIN-LAYER-KUPU-EMAS-18K-BUNGA-TANJUNG-GOLD-i.48895190.45410494905",Bunga Tanjung Official Shop
GELANG CLOVER FLOWER EMAS 17K BUNGA TANJUNG GOLD,Gelang,5340000,"Gelang clover flower emas 17K. Beli di: https://shopee.co.id/GELANG-CLOVER-FLOWER-EMAS-17K-BUNGA-TANJUNG-GOLD-i.48895190.22039932427",Bunga Tanjung Official Shop
GELANG CHARLOTTE GOLD SUPER RINGAN EMAS 17K BUNGA TANJUNG GOLD,Gelang,3150000,"Gelang Charlotte gold super ringan emas 17K. Beli di: https://shopee.co.id/GELANG-CHARLOTTE-GOLD-SUPER-RINGAN-EMAS-17K-BUNGA-TANJUNG-GOLD-i.48895190.28682898388",Bunga Tanjung Official Shop
GELANG LUXURY RINGAN EMAS 17K BUNGA TANJUNG GOLD,Gelang,3680000,"Gelang luxury ringan emas 17K. Beli di: https://shopee.co.id/GELANG-LUXURY-RINGAN-EMAS-17K-BUNGA-TANJUNG-GOLD-i.48895190.23068676071",Bunga Tanjung Official Shop
GELANG PAPERCLIP VARIASI EMAS 17K BUNGA TANJUNG GOLD,Gelang,4790000,"Gelang paperclip variasi emas 17K. Beli di: https://shopee.co.id/GELANG-PAPERCLIP-VARIASI-EMAS-17K-BUNGA-TANJUNG-GOLD-i.48895190.17625874784",Bunga Tanjung Official Shop
KALUNG ITALY SANTA DEWASA UNISEX EMAS 17K BUNGA TANJUNG GOLD,Kalung,5056000,"Kalung Italy santa dewasa unisex emas 17K. Beli di: https://shopee.co.id/KALUNG-ITALY-SANTA-DEWASA-UNISEX-EMAS-17K-BUNGA-TANJUNG-GOLD-i.48895190.12907109035",Bunga Tanjung Official Shop
KALUNG SUPER FLAT HOLOGRAM FLOWER EMAS 17K BUNGA TANJUNG GOLD,Kalung,13860000,"Kalung super flat hologram flower emas 17K. Beli di: https://shopee.co.id/KALUNG-SUPER-FLAT-HOLOGRAM-FLOWER-EMAS-17K-BUNGA-TANJUNG-GOLD-i.48895190.41375778931",Bunga Tanjung Official Shop
KALUNG HERME ROSE GOLD EMAS 17K BUNGA TANJUNG GOLD,Kalung,7809000,"Kalung herme rose gold emas 17K. Beli di: https://shopee.co.id/KALUNG-HERME-ROSE-GOLD-EMAS-17K-BUNGA-TANJUNG-GOLD-i.48895190.10189979051",Bunga Tanjung Official Shop
KALUNG HOLLOW LUXURY EMAS 17K BUNGA TANJUNG GOLD,Kalung,5292000,"Kalung hollow luxury emas 17K. Beli di: https://shopee.co.id/KALUNG-HOLLOW-LUXURY-EMAS-17K-BUNGA-TANJUNG-GOLD-i.48895190.41410520579",Bunga Tanjung Official Shop
KALUNG CLOVER ARSIR BUNGA 5 EMAS 17K BUNGA TANJUNG GOLD,Kalung,12852000,"Kalung clover arsir bunga 5 emas 17K. Beli di: https://shopee.co.id/KALUNG-CLOVER-ARSIR-BUNGA-5-EMAS-17K-BUNGA-TANJUNG-GOLD-i.48895190.27808251560",Bunga Tanjung Official Shop
KALUNG SOLENE ETERNA BLOOM SYIFA HADJU EMAS 17K BUNGA TANJUNG GOLD,Kalung,10836000,"Kalung solene eterna bloom Syifa Hadju emas 17K. Beli di: https://shopee.co.id/KALUNG-SOLENE-ETERNA-BLOOM-SYIFA-HADJU-EMAS-17K-BUNGA-TANJUNG-GOLD-i.48895190.42980436422",Bunga Tanjung Official Shop
KALUNG VAR 42 EMAS 17K BUNGA TANJUNG GOLD,Kalung,9027850,"Kalung variasi 42 emas 17K. Beli di: https://shopee.co.id/KALUNG-VAR-42-EMAS-17K-BUNGA-TANJUNG-GOLD-i.48895190.28080584329",Bunga Tanjung Official Shop
KALUNG POLOS SERUT RINGAN EMAS 17K BUNGA TANJUNG GOLD,Kalung,3276000,"Kalung polos serut ringan emas 17K. Beli di: https://shopee.co.id/KALUNG-POLOS-SERUT-RINGAN-EMAS-17K-BUNGA-TANJUNG-GOLD-i.48895190.16869984451",Bunga Tanjung Official Shop
KALUNG SOLENE NELDJU SYIFA HADJU EMAS 17K BUNGA TANJUNG GOLD,Kalung,7560000,"Kalung solene neldju Syifa Hadju emas 17K. Beli di: https://shopee.co.id/KALUNG-SOLENE-NELDJU-SYIFA-HADJU-EMAS-17K-BUNGA-TANJUNG-GOLD-i.48895190.57459608612",Bunga Tanjung Official Shop
KALUNG HOLLOW TETES LIE EMAS 17K BUNGA TANJUNG GOLD,Kalung,5796000,"Kalung hollow tetes lie emas 17K. Beli di: https://shopee.co.id/KALUNG-HOLLOW-TETES-LIE-EMAS-17K-BUNGA-TANJUNG-GOLD-i.48895190.51309756294",Bunga Tanjung Official Shop
ANTING KOLONGAN BAYI BABY EMAS KADAR 17K BUNGA TANJUNG,Anting,1250000,"Anting kolongan bayi baby emas 17K. Beli di: https://shopee.co.id/ANTING-KOLONGAN-BAYI-BABY-EMAS-KADAR-17K-BUNGA-TANJUNG-i.48895190.22329430632",Bunga Tanjung Official Shop
ANTING JEPIT BLINK EMAS 17K BUNGA TANJUNG GOLD,Anting,2450000,"Anting jepit blink emas 17K. Beli di: https://shopee.co.id/ANTING-JEPIT-BLINK-EMAS-17K-BUNGA-TANJUNG-GOLD-i.48895190.21057737936",Bunga Tanjung Official Shop
ANTING TINDIK CLOVER LY EMAS 17K BUNGA TANJUNG GOLD,Anting,1850000,"Anting tindik clover ly emas 17K. Beli di: https://shopee.co.id/ANTING-TINDIK-CLOVER-LY-EMAS-17K-BUNGA-TANJUNG-GOLD-i.48895190.22559447947",Bunga Tanjung Official Shop
ANTING TINDIK ATOM SUPER RINGAN ROSE EMAS 17K BUNGA TANJUNG GOLD,Anting,1450000,"Anting tindik atom super ringan rose emas 17K. Beli di: https://shopee.co.id/ANTING-TINDIK-ATOM-SUPER-RINGAN-ROSE-EMAS-17K-BUNGA-TANJUNG-GOLD-i.48895190.55904370292",Bunga Tanjung Official Shop
ANTING TINDIK TETES AIR EMAS 17K BUNGA TANJUNG GOLD,Anting,2150000,"Anting tindik tetes air emas 17K. Beli di: https://shopee.co.id/ANTING-TINDIK-TETES-AIR-EMAS-17K-BUNGA-TANJUNG-GOLD-i.48895190.27755932774",Bunga Tanjung Official Shop
ANTING KLIP KUPU KUPU BLINK B EMAS 17K BUNGA TANJUNG GOLD,Anting,2850000,"Anting klip kupu kupu blink B emas 17K. Beli di: https://shopee.co.id/ANTING-KLIP-KUPU-KUPU-BLINK-B-EMAS-17K-BUNGA-TANJUNG-GOLD-i.48895190.53356754186",Bunga Tanjung Official Shop
ANTING TINDIK KIPAS BS EMAS 17K BUNGA TANJUNG GOLD,Anting,1950000,"Anting tindik kipas bs emas 17K. Beli di: https://shopee.co.id/ANTING-TINDIK-KIPAS-BS-EMAS-17K-BUNGA-TANJUNG-GOLD-i.48895190.43022899115",Bunga Tanjung Official Shop
ANTING KLIP FLOWER C EMAS 17K BUNGA TANJUNG GOLD,Anting,2650000,"Anting klip flower C emas 17K. Beli di: https://shopee.co.id/ANTING-KLIP-FLOWER-C-EMAS-17K-BUNGA-TANJUNG-GOLD-i.48895190.27987809894",Bunga Tanjung Official Shop
ANTING KLIP LISTRING E EMAS 17K BUNGA TANJUNG GOLD,Anting,2300000,"Anting klip listring E emas 17K. Beli di: https://shopee.co.id/ANTING-KLIP-LISTRING-E-EMAS-17K-BUNGA-TANJUNG-GOLD-i.48895190.27837288430",Bunga Tanjung Official Shop
ANTING KLIP CLOVER A EMAS 17K BUNGA TANJUNG GOLD,Anting,2750000,"Anting klip clover A emas 17K. Beli di: https://shopee.co.id/ANTING-KLIP-CLOVER-A-EMAS-17K-BUNGA-TANJUNG-GOLD-i.48895190.23873730300",Bunga Tanjung Official Shop
